day;month;year;V1_NU;V1_RS;V1_Screw;V1_SE;V1_Vi;V2_Allemagne;V2_Belgique;V2_Espagne;V2_France;V2_Irlande;V2_Italie;V2_Suï..de;V3_M12;V3_M2;V3_M3;V3_M4;V3_M5;V3_M6;V3_M8;V5_0;V5_Cylindrique;V5_Hexagonale;V5_Inviolables;V5_Ovale;V5_Plat;V6_0;V6_Cruciforme;V6_Hexagonal;V6_Plat;V6_Pozidriv;V6_Torx;V7_Acier;V7_Acier.Inoxydable;V7_Laiton;V7_Nylon;V8_;V8_0;V8_A2;V8_A4;V9_Non;V9_Oui;V10_Brut;V10_Galv..et.pass..Brillant;V10_Galv..et.pass..Clair;V10_Galv..et.pass..Noir;V10_Galvanisï...et.passivï..;V10_Nickelï..;V10_Zinc.chromatï..;V11_Boï..te;V11_Sachet;feature_to_predict;V13;V14
24;5;2014;0;0;0;0;1;1;0;0;0;0;0;0;0;1;0;0;0;0;0;0;0;0;0;0;1;0;0;0;1;0;0;0;0;1;0;0;1;0;0;1;0;0;0;0;0;0;1;0;0;1;33.8;100;6
25;2;2014;0;1;0;0;0;1;0;0;0;0;0;0;0;1;0;0;0;0;0;0;1;0;0;0;0;0;0;0;0;1;0;0;1;0;0;0;0;1;0;1;0;1;0;0;0;0;0;0;1;0;74.1;100;12
16;8;2013;1;0;0;0;0;0;1;0;0;0;0;0;0;1;0;0;0;0;0;0;1;0;0;0;0;0;1;0;0;0;0;0;0;1;0;0;1;0;0;1;0;0;0;0;0;0;1;0;0;1;61.6;100;12
17;7;2014;1;0;0;0;0;0;1;0;0;0;0;0;0;1;0;0;0;0;0;0;1;0;0;0;0;0;1;0;0;0;0;0;0;1;0;0;1;0;0;1;0;0;0;0;0;0;1;0;0;1;51.5;100;6
15;9;2013;1;0;0;0;0;0;1;0;0;0;0;0;0;1;0;0;0;0;0;0;1;0;0;0;0;0;0;0;1;0;0;0;0;1;0;0;1;0;0;1;0;0;0;0;0;0;1;0;0;1;50.6;100;6
6;10;2014;1;0;0;0;0;0;1;0;0;0;0;0;0;1;0;0;0;0;0;0;1;0;0;0;0;0;0;0;1;0;0;0;0;0;1;0;1;0;0;1;0;1;0;0;0;0;0;0;0;1;79.1;100;12
25;12;2014;1;0;0;0;0;0;0;0;1;0;0;0;0;1;0;0;0;0;0;0;0;0;0;0;1;0;0;0;1;0;0;0;0;1;0;0;1;0;0;1;0;0;0;0;0;0;1;0;0;1;59.1;100;16
26;6;2013;0;1;0;0;0;0;0;0;1;0;0;0;0;1;0;0;0;0;0;0;0;0;0;0;1;0;0;0;1;0;0;0;0;1;0;0;1;0;0;1;0;0;0;0;0;0;1;0;0;1;39.7;100;12
26;1;2013;0;1;0;0;0;0;0;0;1;0;0;0;0;1;0;0;0;0;0;0;1;0;0;0;0;0;1;0;0;0;0;1;0;0;0;0;1;0;0;1;0;0;1;0;0;0;0;0;0;1;38.6;100;12
26;10;2014;0;1;0;0;0;0;0;0;1;0;0;0;0;1;0;0;0;0;0;0;1;0;0;0;0;0;0;0;1;0;0;1;0;0;0;0;1;0;0;1;0;0;1;0;0;0;0;0;0;1;40.4;100;6
15;10;2014;0;1;0;0;0;0;0;0;1;0;0;0;0;1;0;0;0;0;0;0;1;0;0;0;0;0;1;0;0;0;0;1;0;0;0;0;1;0;0;1;0;0;1;0;0;0;0;0;0;1;25.4;100;6
10;10;2014;0;1;0;0;0;0;0;0;1;0;0;0;0;1;0;0;0;0;0;0;0;0;0;0;1;0;0;0;1;0;0;0;0;0;1;0;1;0;0;1;0;1;0;0;0;0;0;0;0;1;84;100;16
16;3;2013;0;1;0;0;0;0;0;0;1;0;0;0;0;1;0;0;0;0;0;0;1;0;0;0;0;0;0;0;1;0;0;0;0;0;1;0;1;0;0;1;0;1;0;0;0;0;0;0;0;1;80;100;16
15;8;2014;1;0;0;0;0;0;0;0;1;0;0;0;0;1;0;0;0;0;0;0;0;0;0;0;1;0;0;0;1;0;0;0;0;0;1;0;1;0;0;1;0;1;0;0;0;0;0;0;0;1;79.4;100;6
27;8;2014;0;1;0;0;0;0;0;0;1;0;0;0;0;1;0;0;0;0;0;0;1;0;0;0;0;0;0;0;0;1;0;0;1;0;0;0;0;1;0;1;0;1;0;0;0;0;0;0;1;0;65.9;100;6
21;1;2013;0;1;0;0;0;0;0;0;1;0;0;0;0;1;0;0;0;0;0;0;1;0;0;0;0;0;0;0;1;0;0;0;1;0;0;0;0;1;0;1;0;1;0;0;0;0;0;0;0;1;32.5;100;6
12;11;2013;0;1;0;0;0;0;0;0;1;0;0;0;0;1;0;0;0;0;0;0;1;0;0;0;0;0;0;0;1;0;0;0;0;1;0;0;1;0;0;1;0;1;0;0;0;0;0;0;0;1;37.2;100;6
18;12;2013;0;1;0;0;0;0;0;0;0;1;0;0;0;1;0;0;0;0;0;0;0;0;0;0;1;0;0;0;1;0;0;0;0;0;1;0;1;0;0;1;0;1;0;0;0;0;0;0;0;1;94.6;100;25
24;11;2014;0;0;0;1;0;0;0;0;0;0;1;0;0;1;0;0;0;0;0;0;1;0;0;0;0;0;0;0;1;0;0;1;0;0;0;0;1;0;0;1;0;0;1;0;0;0;0;0;0;1;41;100;12
15;2;2013;0;0;0;1;0;0;0;0;0;0;1;0;0;1;0;0;0;0;0;0;0;0;0;0;1;0;0;0;1;0;0;0;0;0;1;0;1;0;0;1;0;1;0;0;0;0;0;0;0;1;81.1;100;10
23;8;2013;0;1;0;0;0;0;0;0;0;0;1;0;0;1;0;0;0;0;0;0;1;0;0;0;0;0;0;0;1;0;0;0;0;0;1;0;1;0;0;1;0;1;0;0;0;0;0;0;0;1;68.5;100;6
14;8;2013;0;1;0;0;0;0;0;0;0;0;1;0;0;1;0;0;0;0;0;0;1;0;0;0;0;0;0;0;1;0;0;0;1;0;0;0;0;1;0;1;0;1;0;0;0;0;0;0;0;1;28.6;100;12
28;3;2014;0;0;0;1;0;1;0;0;0;0;0;0;0;0;1;0;0;0;0;0;1;0;0;0;0;0;0;0;1;0;0;0;0;1;0;0;1;0;0;1;0;0;0;0;0;0;1;0;0;1;112.3;100;25
25;3;2014;0;1;0;0;0;1;0;0;0;0;0;0;0;0;1;0;0;0;0;0;0;0;0;0;1;0;0;0;1;0;0;0;0;1;0;0;1;0;0;1;0;0;0;0;0;0;1;0;0;1;115.7;100;30
16;7;2014;0;1;0;0;0;1;0;0;0;0;0;0;0;0;1;0;0;0;0;0;1;0;0;0;0;0;1;0;0;0;0;0;0;1;0;0;1;0;0;1;0;0;0;0;0;0;1;0;0;1;92;100;16
25;5;2013;0;1;0;0;0;1;0;0;0;0;0;0;0;0;1;0;0;0;0;0;1;0;0;0;0;0;1;0;0;0;0;0;0;1;0;0;1;0;0;1;0;0;0;0;0;0;1;0;0;1;65;100;6
12;10;2013;0;1;0;0;0;1;0;0;0;0;0;0;0;0;1;0;0;0;0;0;1;0;0;0;0;0;1;0;0;0;0;0;1;0;0;0;1;0;0;1;0;0;1;0;0;0;0;0;0;1;29.8;100;12
10;4;2014;0;1;0;0;0;1;0;0;0;0;0;0;0;0;1;0;0;0;0;0;0;0;0;0;1;0;0;0;1;0;0;0;1;0;0;0;1;0;0;1;0;0;1;0;0;0;0;0;0;1;29.6;100;20
5;10;2013;0;1;0;0;0;1;0;0;0;0;0;0;0;0;1;0;0;0;0;0;0;0;0;0;1;0;0;0;1;0;0;0;1;0;0;0;1;0;0;1;0;0;1;0;0;0;0;0;0;1;29.5;100;6
4;12;2014;0;0;0;1;0;1;0;0;0;0;0;0;0;0;1;0;0;0;0;0;1;0;0;0;0;0;0;0;0;1;0;0;1;0;0;0;0;1;0;1;0;1;0;0;0;0;0;0;1;0;82.7;100;10
5;2;2013;0;1;0;0;0;1;0;0;0;0;0;0;0;0;1;0;0;0;0;0;1;0;0;0;0;0;0;0;1;0;0;0;0;0;1;0;1;0;0;1;0;1;0;0;0;0;0;0;0;1;80.8;100;16
27;2;2014;0;1;0;0;0;1;0;0;0;0;0;0;0;0;1;0;0;0;0;0;1;0;0;0;0;0;0;0;0;1;0;0;1;0;0;0;0;1;0;1;0;1;0;0;0;0;0;0;1;0;75.5;100;6
21;11;2014;0;1;0;0;0;1;0;0;0;0;0;0;0;0;1;0;0;0;0;0;0;0;1;0;0;0;1;0;0;0;0;0;1;0;0;0;0;0;1;1;0;1;0;0;0;0;0;0;0;1;68.8;100;12
26;6;2014;0;1;0;0;0;1;0;0;0;0;0;0;0;0;1;0;0;0;0;0;1;0;0;0;0;0;0;0;0;1;0;0;1;0;0;0;0;1;0;0;1;1;0;0;0;0;0;0;0;1;52.4;100;8
28;9;2013;0;1;0;0;0;1;0;0;0;0;0;0;0;0;1;0;0;0;0;0;0;0;0;0;1;0;0;0;1;0;0;0;1;0;0;0;0;0;1;1;0;1;0;0;0;0;0;0;0;1;40.6;100;6
19;2;2014;0;1;0;0;0;0;1;0;0;0;0;0;0;0;1;0;0;0;0;0;1;0;0;0;0;0;0;0;1;0;0;0;0;1;0;0;1;0;0;1;0;0;0;0;0;0;1;0;0;1;95.4;100;20
25;12;2013;0;1;0;0;0;0;1;0;0;0;0;0;0;0;1;0;0;0;0;0;0;0;0;0;1;0;0;0;1;0;0;0;0;1;0;0;1;0;0;1;0;0;0;0;0;0;1;0;0;1;63.7;100;12
5;4;2013;0;1;0;0;0;0;1;0;0;0;0;0;0;0;1;0;0;0;0;0;1;0;0;0;0;0;0;0;1;0;0;0;0;1;0;0;1;0;0;1;0;0;0;0;0;0;1;0;0;1;47;100;6
1;11;2013;1;0;0;0;0;0;1;0;0;0;0;0;0;0;1;0;0;0;0;0;0;0;0;0;1;0;0;0;1;0;0;0;0;1;0;0;1;0;0;1;0;0;0;0;0;0;1;0;0;1;50;100;6
17;3;2013;0;1;0;0;0;0;1;0;0;0;0;0;0;0;1;0;0;0;0;0;1;0;0;0;0;0;1;0;0;0;0;1;0;0;0;0;1;0;0;1;0;0;0;0;1;0;0;0;0;1;28.5;100;12
14;10;2014;0;1;0;0;0;0;1;0;0;0;0;0;0;0;1;0;0;0;0;0;1;0;0;0;0;0;1;0;0;0;0;1;0;0;0;0;1;0;0;1;0;0;1;0;0;0;0;0;0;1;26.3;100;6
3;12;2013;1;0;0;0;0;0;1;0;0;0;0;0;0;0;1;0;0;0;0;0;1;0;0;0;0;0;1;0;0;0;0;1;0;0;0;0;1;0;0;1;0;0;1;0;0;0;0;0;0;1;16.35;1000;6
4;2;2014;0;0;0;1;0;0;1;0;0;0;0;0;0;0;1;0;0;0;0;0;1;0;0;0;0;0;0;0;1;0;0;1;0;0;0;0;1;0;0;1;0;0;0;0;0;1;0;0;0;1;34.4;100;16
7;11;2014;0;1;0;0;0;0;1;0;0;0;0;0;0;0;1;0;0;0;0;0;1;0;0;0;0;0;0;0;1;0;0;1;0;0;0;0;1;0;0;1;0;0;0;0;0;1;0;0;0;1;40.1;100;25
27;4;2013;0;1;0;0;0;0;1;0;0;0;0;0;0;0;1;0;0;0;0;0;1;0;0;0;0;0;0;0;1;0;0;1;0;0;0;0;1;0;0;1;0;0;0;0;0;1;0;0;0;1;36.4;100;20
27;6;2013;0;0;0;1;0;0;1;0;0;0;0;0;0;0;1;0;0;0;0;0;0;0;1;0;0;0;1;0;0;0;0;0;1;0;0;0;0;0;1;1;0;1;0;0;0;0;0;0;0;1;81.5;100;16
4;3;2014;0;1;0;0;0;0;0;0;1;0;0;0;0;0;1;0;0;0;0;0;1;0;0;0;0;0;0;0;1;0;0;0;1;0;0;0;0;1;0;1;0;1;0;0;0;0;0;0;0;1;49.2;100;10
2;8;2014;0;1;0;0;0;0;0;0;1;0;0;0;0;0;1;0;0;0;0;0;1;0;0;0;0;0;0;0;1;0;0;0;0;0;1;0;1;0;0;1;0;1;0;0;0;0;0;0;0;1;129.4;100;30
17;5;2013;1;0;0;0;0;0;1;0;0;0;0;0;0;0;1;0;0;0;0;0;0;0;0;0;1;0;0;0;1;0;0;0;1;0;0;0;0;0;1;1;0;1;0;0;0;0;0;0;0;1;56.5;100;12
26;12;2013;1;0;0;0;0;0;1;0;0;0;0;0;0;0;1;0;0;0;0;0;1;0;0;0;0;0;1;0;0;0;0;0;1;0;0;0;0;0;1;1;0;1;0;0;0;0;0;0;0;1;52.1;100;10
1;7;2013;0;1;0;0;0;0;0;0;1;0;0;0;0;0;1;0;0;0;0;0;1;0;0;0;0;0;0;0;1;0;0;0;1;0;0;0;1;0;0;1;0;0;1;0;0;0;0;0;0;1;24.4;100;12
27;11;2014;0;1;0;0;0;0;0;1;0;0;0;0;0;0;1;0;0;0;0;0;1;0;0;0;0;0;0;0;1;0;0;1;0;0;0;0;1;0;0;1;0;0;0;0;0;1;0;0;0;1;31.3;100;10
3;2;2014;0;0;0;1;0;0;0;1;0;0;0;0;0;0;1;0;0;0;0;0;1;0;0;0;0;0;1;0;0;0;0;0;1;0;0;0;0;0;1;1;0;1;0;0;0;0;0;0;0;1;43.1;100;16
26;1;2013;0;1;0;0;0;0;0;1;0;0;0;0;0;0;1;0;0;0;0;0;0;0;0;0;1;0;0;0;1;0;0;0;0;0;1;0;1;0;0;1;0;1;0;0;0;0;0;0;0;1;86.5;100;16
8;9;2013;0;1;0;0;0;0;0;1;0;0;0;0;0;0;1;0;0;0;0;0;1;0;0;0;0;0;0;0;1;0;0;0;1;0;0;0;0;1;0;1;0;1;0;0;0;0;0;0;0;1;66.6;100;20
17;6;2013;1;0;0;0;0;0;0;1;0;0;0;0;0;0;1;0;0;0;0;0;1;0;0;0;0;0;0;0;1;0;0;0;1;0;0;0;0;1;0;1;0;1;0;0;0;0;0;0;0;1;78.6;100;30
19;10;2014;1;0;0;0;0;0;0;1;0;0;0;0;0;0;1;0;0;0;0;0;0;0;1;0;0;0;0;0;0;1;0;0;1;0;0;0;0;1;0;1;0;1;0;0;0;0;0;0;1;0;59;100;6
3;10;2013;0;1;0;0;0;0;0;1;0;0;0;0;0;0;1;0;0;0;0;0;1;0;0;0;0;0;0;0;1;0;0;0;0;1;0;0;1;0;0;1;0;1;0;0;0;0;0;0;0;1;67.5;100;6
2;9;2014;0;1;0;0;0;0;0;0;1;0;0;0;0;0;1;0;0;0;0;0;0;0;0;0;1;0;0;0;1;0;0;0;0;1;0;0;1;0;0;1;0;0;0;0;0;0;1;0;0;1;80.2;100;20
28;2;2014;0;1;0;0;0;0;0;0;1;0;0;0;0;0;1;0;0;0;0;0;1;0;0;0;0;0;0;0;1;0;0;0;0;1;0;0;1;0;0;1;0;0;0;0;0;0;1;0;0;1;68.4;100;6
25;2;2013;0;1;0;0;0;0;0;0;1;0;0;0;0;0;1;0;0;0;0;0;1;0;0;0;0;0;1;0;0;0;0;0;0;1;0;0;1;0;0;1;0;0;0;0;0;0;1;0;0;1;122.3;100;25
15;5;2013;0;1;0;0;0;0;0;0;1;0;0;0;0;0;1;0;0;0;0;0;1;0;0;0;0;0;0;0;0;1;0;0;0;1;0;0;1;0;0;1;0;0;0;0;0;0;1;0;0;1;99.5;100;20
11;1;2013;0;1;0;0;0;0;0;0;1;0;0;0;0;0;1;0;0;0;0;0;1;0;0;0;0;0;0;0;1;0;0;0;0;1;0;0;1;0;0;1;0;0;0;0;0;0;1;0;0;1;83.6;100;30
11;3;2013;0;1;0;0;0;0;0;0;1;0;0;0;0;0;1;0;0;0;0;0;1;0;0;0;0;0;0;0;1;0;0;0;0;1;0;0;1;0;0;1;0;0;0;0;0;0;1;0;0;1;84;100;12
21;4;2014;0;1;0;0;0;0;0;0;1;0;0;0;0;0;1;0;0;0;0;0;0;0;0;0;1;0;0;0;1;0;0;0;0;1;0;0;1;0;0;1;0;0;0;0;0;0;1;0;0;1;72;100;16
22;11;2014;0;1;0;0;0;0;0;0;1;0;0;0;0;0;1;0;0;0;0;0;1;0;0;0;0;0;1;0;0;0;0;1;0;0;0;0;1;0;0;1;0;0;0;0;1;0;0;0;0;1;34.1;100;6
27;1;2013;0;0;0;1;0;0;0;0;1;0;0;0;0;0;1;0;0;0;0;0;1;0;0;0;0;0;0;0;1;0;0;1;0;0;0;0;1;0;0;1;0;0;1;0;0;0;0;0;0;1;39.5;100;25
26;11;2014;0;1;0;0;0;0;0;0;1;0;0;0;0;0;1;0;0;0;0;0;1;0;0;0;0;0;0;0;1;0;0;1;0;0;0;0;1;0;0;1;0;0;1;0;0;0;0;0;0;1;27.3;100;20
1;2;2014;0;1;0;0;0;0;0;0;1;0;0;0;0;0;1;0;0;0;0;0;1;0;0;0;0;0;0;0;1;0;0;1;0;0;0;0;1;0;0;1;0;0;1;0;0;0;0;0;0;1;26.9;100;16
15;6;2013;0;0;1;0;0;0;0;0;1;0;0;0;0;0;1;0;0;0;0;0;1;0;0;0;0;0;0;0;1;0;0;1;0;0;0;0;1;0;0;1;0;0;1;0;0;0;0;0;0;1;23.9;100;6
1;1;2014;0;1;0;0;0;0;0;0;1;0;0;0;0;0;1;0;0;0;0;0;1;0;0;0;0;0;0;0;1;0;0;1;0;0;0;0;1;0;0;1;0;0;1;0;0;0;0;0;0;1;25;100;10
19;10;2013;0;1;0;0;0;0;0;0;1;0;0;0;0;0;1;0;0;0;0;0;1;0;0;0;0;0;1;0;0;0;0;1;0;0;0;0;1;0;0;1;0;0;1;0;0;0;0;0;0;1;35.9;100;25
2;7;2014;0;1;0;0;0;0;0;0;1;0;0;0;0;0;1;0;0;0;0;0;0;0;0;0;1;0;1;0;0;0;0;1;0;0;0;0;1;0;0;1;0;0;1;0;0;0;0;0;0;1;18.8;100;12
28;8;2013;0;1;0;0;0;0;0;0;1;0;0;0;0;0;1;0;0;0;0;0;1;0;0;0;0;0;1;0;0;0;0;1;0;0;0;0;1;0;0;1;0;0;1;0;0;0;0;0;0;1;27.3;100;10
3;6;2013;0;1;0;0;0;0;0;0;1;0;0;0;0;0;1;0;0;0;0;0;1;0;0;0;0;0;0;0;1;0;0;1;0;0;0;0;1;0;0;1;0;0;0;0;0;1;0;0;0;1;29;100;6
24;10;2013;0;1;0;0;0;0;0;0;1;0;0;0;0;0;1;0;0;0;0;0;1;0;0;0;0;0;0;0;1;0;0;1;0;0;0;0;1;0;0;1;0;0;0;0;0;1;0;0;0;1;32.1;100;12
7;7;2014;0;0;0;1;0;0;0;0;1;0;0;0;0;0;1;0;0;0;0;0;1;0;0;0;0;0;0;0;1;0;0;0;0;0;1;0;1;0;0;1;0;1;0;0;0;0;0;0;0;1;82;100;20
19;8;2014;0;1;0;0;0;0;0;0;1;0;0;0;0;0;1;0;0;0;0;0;0;0;1;0;0;0;1;0;0;0;0;0;1;0;0;0;0;0;1;1;0;1;0;0;0;0;0;0;0;1;91.7;100;20
6;6;2014;0;1;0;0;0;0;0;0;1;0;0;0;0;0;1;0;0;0;0;0;1;0;0;0;0;0;0;0;1;0;0;0;1;0;0;0;0;1;0;1;0;1;0;0;0;0;0;0;0;1;71.3;100;25
13;1;2013;0;1;0;0;0;0;0;0;1;0;0;0;0;0;1;0;0;0;0;0;0;0;1;0;0;0;0;0;1;0;0;0;1;0;0;0;0;1;0;1;0;1;0;0;0;0;0;0;0;1;62.9;100;6
14;11;2013;0;1;0;0;0;0;0;0;1;0;0;0;0;0;1;0;0;0;0;0;1;0;0;0;0;0;1;0;0;0;0;0;1;0;0;0;0;0;1;1;0;1;0;0;0;0;0;0;0;1;52.5;100;8
10;7;2014;0;1;0;0;0;0;0;0;1;0;0;0;0;0;1;0;0;0;0;0;1;0;0;0;0;0;0;0;0;1;0;0;1;0;0;0;0;1;0;1;0;1;0;0;0;0;0;0;1;0;92.6;100;20
20;12;2014;0;1;0;0;0;0;0;0;1;0;0;0;0;0;1;0;0;0;0;0;0;0;0;0;1;0;0;0;1;0;0;0;0;0;1;0;1;0;0;1;0;1;0;0;0;0;0;0;0;1;89.7;100;20
23;5;2014;0;1;0;0;0;0;0;0;1;0;0;0;0;0;1;0;0;0;0;0;1;0;0;0;0;0;0;0;0;1;0;0;1;0;0;0;0;1;0;1;0;1;0;0;0;0;0;0;1;0;82.7;100;16
24;9;2013;0;1;0;0;0;0;0;0;1;0;0;0;0;0;1;0;0;0;0;0;1;0;0;0;0;0;0;0;1;0;0;0;0;0;1;0;1;0;0;1;0;1;0;0;0;0;0;0;0;1;66.2;100;12
24;7;2014;0;1;0;0;0;0;0;0;1;0;0;0;0;0;1;0;0;0;0;0;0;0;0;0;1;0;0;0;1;0;0;0;1;0;0;0;0;0;1;1;0;1;0;0;0;0;0;0;0;1;64.1;100;16
12;9;2014;0;1;0;0;0;0;0;0;1;0;0;0;0;0;1;0;0;0;0;0;1;0;0;0;0;0;0;0;1;0;0;0;1;0;0;0;0;0;1;1;0;1;0;0;0;0;0;0;0;1;54.1;100;6
11;10;2014;1;0;0;0;0;0;0;0;1;0;0;0;0;0;1;0;0;0;0;0;1;0;0;0;0;0;1;0;0;0;0;0;1;0;0;0;0;0;1;1;0;1;0;0;0;0;0;0;0;1;59.9;100;12
7;10;2013;1;0;0;0;0;0;0;0;1;0;0;0;0;0;1;0;0;0;0;0;1;0;0;0;0;0;0;0;1;0;0;0;1;0;0;0;0;1;0;1;0;1;0;0;0;0;0;0;0;1;49.9;100;6
8;5;2013;1;0;0;0;0;0;0;0;0;1;0;0;0;0;1;0;0;0;0;0;1;0;0;0;0;0;0;0;1;0;0;0;0;1;0;0;1;0;0;1;0;0;0;0;0;0;1;0;0;1;52;100;10
14;9;2014;0;1;0;0;0;0;0;0;0;1;0;0;0;0;1;0;0;0;0;0;1;0;0;0;0;0;0;0;1;0;0;0;1;0;0;0;0;1;0;1;0;1;0;0;0;0;0;0;0;1;68.9;100;16
27;11;2013;0;1;0;0;0;0;0;0;0;1;0;0;0;0;1;0;0;0;0;0;1;0;0;0;0;0;0;0;1;0;0;0;1;0;0;0;0;1;0;1;0;1;0;0;0;0;0;0;0;1;67.1;100;12
11;5;2014;0;1;0;0;0;0;0;0;0;1;0;0;0;0;1;0;0;0;0;0;0;0;0;0;1;0;0;0;1;0;0;0;0;0;1;0;1;0;0;1;0;1;0;0;0;0;0;0;0;1;92;100;25
9;4;2013;1;0;0;0;0;0;0;0;0;1;0;0;0;0;1;0;0;0;0;0;1;0;0;0;0;0;0;0;1;0;0;0;1;0;0;0;0;0;1;1;0;1;0;0;0;0;0;0;0;1;78.1;100;12
19;6;2014;1;0;0;0;0;0;0;0;0;1;0;0;0;0;1;0;0;0;0;0;0;0;1;0;0;0;0;0;1;0;0;0;1;0;0;0;0;1;0;1;0;1;0;0;0;0;0;0;0;1;58.1;100;12
5;10;2013;0;0;0;1;0;0;0;0;0;1;0;0;0;0;1;0;0;0;0;0;1;0;0;0;0;0;0;0;1;0;0;0;0;1;0;0;1;0;0;1;0;1;0;0;0;0;0;0;0;1;81;100;12
27;6;2013;0;1;0;0;0;0;0;0;0;0;1;0;0;0;1;0;0;0;0;0;1;0;0;0;0;0;1;0;0;0;0;1;0;0;0;0;1;0;0;1;0;0;0;0;1;0;0;0;0;1;34.1;100;10
19;9;2014;0;0;0;1;0;0;0;0;0;0;1;0;0;0;1;0;0;0;0;0;0;0;0;0;1;0;1;0;0;0;0;1;0;0;0;0;1;0;0;1;0;0;1;0;0;0;0;0;0;1;31.3;100;20
10;9;2013;0;1;0;0;0;0;0;0;0;0;1;0;0;0;1;0;0;0;0;0;1;0;0;0;0;0;1;0;0;0;0;1;0;0;0;0;1;0;0;1;0;0;1;0;0;0;0;0;0;1;32.4;100;16
28;1;2013;0;1;0;0;0;0;0;0;0;0;1;0;0;0;1;0;0;0;0;0;0;0;0;0;1;0;0;0;1;0;0;1;0;0;0;0;1;0;0;1;0;0;1;0;0;0;0;0;0;1;30.9;100;12
8;12;2014;0;1;0;0;0;0;0;0;0;0;1;0;0;0;1;0;0;0;0;0;0;0;0;0;1;0;1;0;0;0;0;1;0;0;0;0;1;0;0;1;0;0;1;0;0;0;0;0;0;1;18;100;6
17;7;2013;0;1;0;0;0;0;0;0;0;0;1;0;0;0;1;0;0;0;0;0;1;0;0;0;0;0;0;0;1;0;0;0;0;0;1;0;1;0;0;1;0;1;0;0;0;0;0;0;0;1;85.5;100;25
17;6;2014;0;1;0;0;0;0;0;0;0;0;1;0;0;0;1;0;0;0;0;0;0;0;1;0;0;0;0;0;0;1;0;0;1;0;0;0;0;1;0;1;0;1;0;0;0;0;0;0;1;0;70.9;100;20
15;7;2014;0;1;0;0;0;0;0;0;0;0;1;0;0;0;1;0;0;0;0;0;1;0;0;0;0;0;0;0;1;0;0;0;0;0;1;0;1;0;0;1;0;1;0;0;0;0;0;0;0;1;64.9;100;6
5;6;2013;0;1;0;0;0;0;0;0;0;0;1;0;0;0;1;0;0;0;0;0;0;0;0;0;1;0;0;0;1;0;0;0;0;0;1;0;1;0;0;1;0;1;0;0;0;0;0;0;0;1;83;100;6
16;1;2013;1;0;0;0;0;0;0;0;0;0;1;0;0;0;1;0;0;0;0;0;1;0;0;0;0;0;0;0;1;0;0;0;1;0;0;0;0;0;1;1;0;1;0;0;0;0;0;0;0;1;55.8;100;8
6;8;2013;0;0;0;1;0;0;0;0;0;0;0;1;0;0;1;0;0;0;0;0;1;0;0;0;0;0;1;0;0;0;0;1;0;0;0;0;1;0;0;1;0;0;1;0;0;0;0;0;0;1;38.8;100;30
9;11;2013;0;0;0;1;0;1;0;0;0;0;0;0;0;0;0;1;0;0;0;0;0;0;0;0;1;0;0;0;1;0;0;0;0;1;0;0;1;0;0;1;0;0;0;0;0;0;1;0;0;1;98.4;100;12
22;5;2014;1;0;0;0;0;1;0;0;0;0;0;0;0;0;0;1;0;0;0;0;1;0;0;0;0;0;0;0;1;0;0;0;0;1;0;0;1;0;0;1;0;0;0;0;0;0;1;0;0;1;161;100;20
22;4;2013;0;1;0;0;0;1;0;0;0;0;0;0;0;0;0;1;0;0;0;0;0;0;0;0;1;0;0;0;1;0;0;0;1;0;0;0;1;0;0;1;0;0;1;0;0;0;0;0;0;1;24;100;16
8;12;2014;0;0;0;1;0;1;0;0;0;0;0;0;0;0;0;1;0;0;0;0;1;0;0;0;0;0;0;0;1;0;0;0;1;0;0;0;0;0;1;1;0;1;0;0;0;0;0;0;0;1;114.7;100;20
17;3;2014;0;1;0;0;0;1;0;0;0;0;0;0;0;0;0;1;0;0;0;0;1;0;0;0;0;0;0;0;1;0;0;0;1;0;0;0;0;1;0;1;0;1;0;0;0;0;0;0;0;1;99.5;100;12
11;1;2013;0;1;0;0;0;1;0;0;0;0;0;0;0;0;0;1;0;0;0;0;0;0;0;0;1;0;0;0;1;0;0;0;0;0;1;0;1;0;0;1;0;1;0;0;0;0;0;0;0;1;86.9;100;12
22;8;2014;0;1;0;0;0;1;0;0;0;0;0;0;0;0;0;1;0;0;0;0;0;0;0;0;1;0;0;0;1;0;0;0;0;0;1;0;1;0;0;1;0;1;0;0;0;0;0;0;0;1;100.3;100;25
5;5;2014;1;0;0;0;0;1;0;0;0;0;0;0;0;0;0;1;0;0;0;0;0;0;1;0;0;0;1;0;0;0;0;0;1;0;0;0;0;0;1;1;0;1;0;0;0;0;0;0;0;1;78.4;100;12
18;10;2014;0;0;0;0;1;1;0;0;0;0;0;0;0;0;0;1;0;0;0;0;1;0;0;0;0;0;0;0;1;0;0;0;0;1;0;0;1;0;0;1;0;1;0;0;0;0;0;0;0;1;320.8;100;50
28;9;2014;0;0;0;1;0;0;1;0;0;0;0;0;0;0;0;1;0;0;0;0;1;0;0;0;0;0;0;0;1;0;0;0;0;1;0;0;1;0;0;1;0;0;0;0;0;0;1;0;0;1;98.7;100;12
15;11;2013;0;1;0;0;0;0;1;0;0;0;0;0;0;0;0;1;0;0;0;0;1;0;0;0;0;0;0;0;1;0;0;0;0;1;0;0;1;0;0;1;0;0;0;0;0;0;1;0;0;1;366.8;100;50
19;4;2014;0;1;0;0;0;0;1;0;0;0;0;0;0;0;0;1;0;0;0;0;0;0;0;0;1;0;0;0;1;0;0;0;0;1;0;0;1;0;0;1;0;0;0;0;0;0;1;0;0;1;183.1;100;30
9;7;2013;1;0;0;0;0;0;1;0;0;0;0;0;0;0;0;1;0;0;0;0;1;0;0;0;0;0;1;0;0;0;0;1;0;0;0;0;1;0;0;1;0;0;0;0;1;0;0;0;0;1;49.4;100;10
2;8;2014;0;0;0;1;0;0;1;0;0;0;0;0;0;0;0;1;0;0;0;0;0;0;0;0;1;0;0;0;1;0;0;1;0;0;0;0;1;0;0;1;0;0;1;0;0;0;0;0;0;1;40.9;100;20
1;3;2014;0;0;0;1;0;0;1;0;0;0;0;0;0;0;0;1;0;0;0;0;0;0;0;0;1;0;1;0;0;0;0;1;0;0;0;0;1;0;0;1;0;0;1;0;0;0;0;0;0;1;34.9;100;16
8;3;2013;0;1;0;0;0;0;1;0;0;0;0;0;0;0;0;1;0;0;0;0;1;0;0;0;0;0;1;0;0;0;0;1;0;0;0;0;1;0;0;1;0;0;1;0;0;0;0;0;0;1;36.9;100;12
25;8;2013;0;1;0;0;0;0;1;0;0;0;0;0;0;0;0;1;0;0;0;0;0;0;0;0;1;0;1;0;0;0;0;1;0;0;0;0;1;0;0;1;0;0;1;0;0;0;0;0;0;1;35.9;100;20
5;4;2014;0;1;0;0;0;0;1;0;0;0;0;0;0;0;0;1;0;0;0;0;1;0;0;0;0;0;1;0;0;0;0;1;0;0;0;0;1;0;0;1;0;0;1;0;0;0;0;0;0;1;22.38;1000;6
9;1;2014;1;0;0;0;0;0;1;0;0;0;0;0;0;0;0;1;0;0;0;0;1;0;0;0;0;0;0;0;1;0;0;1;0;0;0;0;1;0;0;1;0;0;0;0;0;1;0;0;0;1;49.4;100;30
9;6;2014;0;0;0;1;0;0;1;0;0;0;0;0;0;0;0;1;0;0;0;0;0;0;1;0;0;0;0;0;1;0;0;0;1;0;0;0;0;1;0;1;0;1;0;0;0;0;0;0;0;1;81.9;100;16
20;3;2014;0;0;0;1;0;0;1;0;0;0;0;0;0;0;0;1;0;0;0;0;1;0;0;0;0;0;0;0;0;1;0;0;1;0;0;0;0;1;0;1;0;1;0;0;0;0;0;0;1;0;114.7;100;6
10;2;2014;0;0;0;1;0;0;1;0;0;0;0;0;0;0;0;1;0;0;0;0;1;0;0;0;0;0;1;0;0;0;0;0;1;0;0;0;0;0;1;1;0;1;0;0;0;0;0;0;0;1;112.3;100;20
19;4;2014;0;1;0;0;0;0;1;0;0;0;0;0;0;0;0;1;0;0;0;0;1;0;0;0;0;0;0;0;1;0;0;0;1;0;0;0;0;0;1;1;0;1;0;0;0;0;0;0;0;1;93.3;100;8
18;11;2013;0;1;0;0;0;0;1;0;0;0;0;0;0;0;0;1;0;0;0;0;0;0;0;0;1;0;0;0;1;0;0;0;1;0;0;0;0;0;1;1;0;1;0;0;0;0;0;0;0;1;91.5;100;16
22;11;2014;0;1;0;0;0;0;1;0;0;0;0;0;0;0;0;1;0;0;0;0;0;0;0;0;1;0;0;0;1;0;0;0;0;0;1;0;1;0;0;1;0;1;0;0;0;0;0;0;0;1;80.2;100;6
17;11;2013;0;1;0;0;0;0;0;0;1;0;0;0;0;0;0;1;0;0;0;0;0;0;0;0;1;0;0;0;1;0;0;0;1;0;0;0;0;0;1;1;0;1;0;0;0;0;0;0;0;1;73.3;100;6
14;6;2014;0;1;0;0;0;0;0;0;1;0;0;0;0;0;0;1;0;0;0;0;1;0;0;0;0;0;0;0;1;0;0;0;1;0;0;0;0;1;0;1;0;1;0;0;0;0;0;0;0;1;121.8;100;16
4;10;2014;0;1;0;0;0;0;0;0;1;0;0;0;0;0;0;1;0;0;0;0;1;0;0;0;0;0;1;0;0;0;0;0;1;0;0;0;0;0;1;1;0;1;0;0;0;0;0;0;0;1;104.6;100;16
10;4;2014;0;1;0;0;0;0;1;0;0;0;0;0;0;0;0;1;0;0;0;0;1;0;0;0;0;0;0;0;1;0;0;0;0;1;0;0;1;0;0;1;0;1;0;0;0;0;0;0;0;1;129.1;100;12
11;12;2014;0;0;0;1;0;0;0;1;0;0;0;0;0;0;0;1;0;0;0;0;1;0;0;0;0;0;0;0;1;0;0;0;0;1;0;0;1;0;0;1;0;0;0;0;0;0;1;0;0;1;137.4;100;16
25;2;2014;0;0;0;1;0;0;0;1;0;0;0;0;0;0;0;1;0;0;0;0;1;0;0;0;0;0;0;0;1;0;0;0;0;1;0;0;1;0;0;1;0;0;0;0;0;0;1;0;0;1;113.9;100;16
18;5;2013;0;1;0;0;0;0;0;1;0;0;0;0;0;0;0;1;0;0;0;0;1;0;0;0;0;0;0;0;1;0;0;0;0;1;0;0;1;0;0;1;0;0;0;0;0;0;1;0;0;1;268.7;100;40
13;6;2014;0;1;0;0;0;0;0;1;0;0;0;0;0;0;0;1;0;0;0;0;0;0;0;0;1;0;0;0;1;0;0;0;0;1;0;0;1;0;0;1;0;0;0;0;0;0;1;0;0;1;236.3;100;40
25;10;2013;0;1;0;0;0;0;0;1;0;0;0;0;0;0;0;1;0;0;0;0;0;0;0;1;0;0;0;0;1;0;0;0;0;1;0;0;1;0;0;1;0;0;0;0;0;0;1;0;0;1;181.4;100;30
28;3;2014;0;0;0;1;0;0;0;1;0;0;0;0;0;0;0;1;0;0;0;0;0;0;0;0;1;0;0;0;1;0;0;0;1;0;0;0;1;0;0;1;0;0;1;0;0;0;0;0;0;1;31.5;100;12
13;11;2014;0;0;0;1;0;0;0;1;0;0;0;0;0;0;0;1;0;0;0;0;1;0;0;0;0;0;0;0;1;0;0;0;1;0;0;0;1;0;0;1;0;0;0;0;0;1;0;0;0;1;44.2;100;20
10;10;2013;0;0;0;1;0;0;0;1;0;0;0;0;0;0;0;1;0;0;0;0;1;0;0;0;0;0;0;0;1;0;0;1;0;0;0;0;1;0;0;1;0;0;0;0;0;1;0;0;0;1;42.1;100;16
6;1;2014;0;1;0;0;0;0;0;1;0;0;0;0;0;0;0;1;0;0;0;0;1;0;0;0;0;0;0;0;1;0;0;1;0;0;0;0;1;0;0;1;0;0;0;0;0;1;0;0;0;1;44.6;100;25
22;3;2014;0;0;0;1;0;0;0;1;0;0;0;0;0;0;0;1;0;0;0;0;0;0;1;0;0;0;0;0;1;0;0;0;0;0;1;0;1;0;0;1;0;1;0;0;0;0;0;0;0;1;96.9;100;16
24;9;2014;0;0;0;1;0;0;0;1;0;0;0;0;0;0;0;1;0;0;0;0;0;0;0;0;1;0;0;0;0;1;0;0;1;0;0;0;0;1;0;0;1;1;0;0;0;0;0;0;0;1;39.1;100;6
13;11;2014;0;1;0;0;0;0;0;1;0;0;0;0;0;0;0;1;0;0;0;0;0;0;1;0;0;0;0;0;1;0;0;0;1;0;0;0;0;1;0;1;0;1;0;0;0;0;0;0;0;1;86.5;100;20
13;8;2013;1;0;0;0;0;0;0;1;0;0;0;0;0;0;0;1;0;0;0;0;1;0;0;0;0;0;0;0;1;0;0;0;0;1;0;0;1;0;0;1;0;1;0;0;0;0;0;0;0;1;172.9;100;25
2;10;2013;0;0;0;1;0;0;0;0;1;0;0;0;0;0;0;1;0;0;0;0;1;0;0;0;0;0;0;0;0;1;0;0;0;1;0;0;1;0;0;1;0;0;0;0;0;0;1;0;0;1;142.3;100;16
25;4;2014;0;1;0;0;0;0;0;0;1;0;0;0;0;0;0;1;0;0;0;0;1;0;0;0;0;0;0;0;1;0;0;0;0;1;0;0;1;0;0;1;0;0;0;0;0;0;1;0;0;1;120;100;20
11;2;2013;0;1;0;0;0;0;0;0;1;0;0;0;0;0;0;1;0;0;0;0;1;0;0;0;0;0;0;0;1;0;0;0;0;1;0;0;1;0;0;1;0;0;0;0;0;0;1;0;0;1;88.8;100;6
7;4;2013;0;1;0;0;0;0;0;0;1;0;0;0;0;0;0;1;0;0;0;0;0;0;0;1;0;0;0;0;1;0;0;0;0;1;0;0;1;0;0;1;0;0;0;0;0;0;1;0;0;1;256.8;100;40
10;11;2014;0;1;0;0;0;0;0;0;1;0;0;0;0;0;0;1;0;0;0;0;0;0;0;0;1;0;0;0;1;0;0;0;0;1;0;0;1;0;0;1;0;0;0;0;0;0;1;0;0;1;107.9;100;16
24;12;2013;0;1;0;0;0;0;0;0;1;0;0;0;0;0;0;1;0;0;0;0;1;0;0;0;0;0;0;0;1;0;0;0;0;1;0;0;1;0;0;1;0;0;0;0;0;0;1;0;0;1;83;100;10
23;6;2014;1;0;0;0;0;0;0;0;1;0;0;0;0;0;0;1;0;0;0;0;0;0;0;0;1;0;0;0;1;0;0;0;0;1;0;0;1;0;0;1;0;0;0;0;0;0;1;0;0;1;160.1;100;25
6;1;2013;0;1;0;0;0;0;0;0;1;0;0;0;0;0;0;1;0;0;0;0;1;0;0;0;0;0;1;0;0;0;0;0;0;1;0;0;1;0;0;1;0;0;0;0;0;0;1;0;0;1;111.3;100;12
2;12;2013;0;1;0;0;0;0;0;0;1;0;0;0;0;0;0;1;0;0;0;0;1;0;0;0;0;0;0;0;1;0;0;0;0;1;0;0;1;0;0;1;0;0;0;0;0;0;1;0;0;1;72.3;100;6
22;7;2013;0;1;0;0;0;0;0;0;1;0;0;0;0;0;0;1;0;0;0;0;1;0;0;0;0;0;1;0;0;0;0;1;0;0;0;0;1;0;0;1;0;0;0;0;1;0;0;0;0;1;45.4;100;6
4;8;2014;0;1;0;0;0;0;0;0;1;0;0;0;0;0;0;1;0;0;0;0;1;0;0;0;0;0;1;0;0;0;0;1;0;0;0;0;1;0;0;1;0;0;0;0;1;0;0;0;0;1;35.4;100;12
28;12;2013;0;0;0;1;0;0;0;0;1;0;0;0;0;0;0;1;0;0;0;0;1;0;0;0;0;0;0;0;1;0;0;1;0;0;0;0;1;0;0;1;0;0;1;0;0;0;0;0;0;1;42.1;100;16
9;8;2014;0;0;0;1;0;0;0;0;1;0;0;0;0;0;0;1;0;0;0;0;1;0;0;0;0;0;0;0;1;0;0;1;0;0;0;0;1;0;0;1;0;0;1;0;0;0;0;0;0;1;39.5;100;10
8;12;2014;0;1;0;0;0;0;0;0;1;0;0;0;0;0;0;1;0;0;0;0;1;0;0;0;0;0;1;0;0;0;0;1;0;0;0;0;1;0;0;1;0;0;1;0;0;0;0;0;0;1;45.5;100;25
11;8;2013;0;1;0;0;0;0;0;0;1;0;0;0;0;0;0;1;0;0;0;0;1;0;0;0;0;0;0;0;1;0;0;1;0;0;0;0;1;0;0;1;0;0;1;0;0;0;0;0;0;1;45.4;100;20
1;11;2013;1;0;0;0;0;0;0;0;1;0;0;0;0;0;0;1;0;0;0;0;1;0;0;0;0;0;1;0;0;0;0;1;0;0;0;0;1;0;0;1;0;0;1;0;0;0;0;0;0;1;51.7;100;30
9;11;2013;1;0;0;0;0;0;0;0;1;0;0;0;0;0;0;1;0;0;0;0;1;0;0;0;0;0;0;0;1;0;0;1;0;0;0;0;1;0;0;1;0;0;1;0;0;0;0;0;0;1;51.5;100;30
11;7;2014;0;1;0;0;0;0;0;0;1;0;0;0;0;0;0;1;0;0;0;0;1;0;0;0;0;0;1;0;0;0;0;1;0;0;0;0;1;0;0;1;0;0;1;0;0;0;0;0;0;1;35.9;100;10
15;4;2014;0;1;0;0;0;0;0;0;1;0;0;0;0;0;0;1;0;0;0;0;0;0;0;0;1;0;1;0;0;0;0;1;0;0;0;0;1;0;0;1;0;0;1;0;0;0;0;0;0;1;31.5;100;12
1;3;2013;0;1;0;0;0;0;0;0;1;0;0;0;0;0;0;1;0;0;0;0;1;0;0;0;0;0;1;0;0;0;0;1;0;0;0;0;1;0;0;1;0;0;1;0;0;0;0;0;0;1;26.11;1000;10
16;2;2013;0;0;0;1;0;0;0;0;1;0;0;0;0;0;0;1;0;0;0;0;1;0;0;0;0;0;0;0;1;0;0;1;0;0;0;0;1;0;0;1;0;0;0;0;0;1;0;0;0;1;38.9;100;12
24;8;2014;0;0;0;1;0;0;0;0;1;0;0;0;0;0;0;1;0;0;0;0;1;0;0;0;0;0;0;0;1;0;0;1;0;0;0;0;1;0;0;1;0;0;0;0;0;1;0;0;0;1;34.4;100;6
16;11;2014;0;0;0;1;0;0;0;0;1;0;0;0;0;0;0;1;0;0;0;0;1;0;0;0;0;0;0;0;0;1;0;0;1;0;0;0;0;1;0;0;1;1;0;0;0;0;0;0;0;1;96.7;100;8
16;1;2014;0;0;0;1;0;0;0;0;1;0;0;0;0;0;0;1;0;0;0;0;1;0;0;0;0;0;0;0;1;0;0;0;0;0;1;0;1;0;0;1;0;1;0;0;0;0;0;0;0;1;82.4;100;20
10;9;2013;0;1;0;0;0;0;0;0;1;0;0;0;0;0;0;1;0;0;0;0;0;0;1;0;0;0;0;0;0;1;0;0;1;0;0;0;0;1;0;1;0;1;0;0;0;0;0;0;1;0;98.8;100;20
9;11;2014;0;1;0;0;0;0;0;0;1;0;0;0;0;0;0;1;0;0;0;0;1;0;0;0;0;0;0;0;0;1;0;0;1;0;0;0;0;1;0;0;1;1;0;0;0;0;0;0;0;1;151.1;100;40
14;10;2013;0;1;0;0;0;0;0;0;1;0;0;0;0;0;0;1;0;0;0;0;1;0;0;0;0;0;1;0;0;0;0;0;1;0;0;0;0;0;1;1;0;1;0;0;0;0;0;0;0;1;134.2;100;25
16;9;2013;0;1;0;0;0;0;0;0;1;0;0;0;0;0;0;1;0;0;0;0;1;0;0;0;0;0;0;0;0;1;0;0;1;0;0;0;0;1;0;1;0;1;0;0;0;0;0;0;1;0;129.4;100;20
2;11;2014;0;1;0;0;0;0;0;0;1;0;0;0;0;0;0;1;0;0;0;0;1;0;0;0;0;0;0;0;1;0;0;0;1;0;0;0;0;1;0;1;0;1;0;0;0;0;0;0;0;1;111.1;100;10
21;3;2014;0;1;0;0;0;0;0;0;1;0;0;0;0;0;0;1;0;0;0;0;0;0;0;0;1;0;0;0;1;0;0;0;1;0;0;0;0;0;1;1;0;1;0;0;0;0;0;0;0;1;105.5;100;20
11;2;2014;1;0;0;0;0;0;0;0;1;0;0;0;0;0;0;1;0;0;0;0;0;0;0;0;1;0;0;0;1;0;0;0;1;0;0;0;0;0;1;1;0;1;0;0;0;0;0;0;0;1;121.5;100;25
12;2;2013;1;0;0;0;0;0;0;0;1;0;0;0;0;0;0;1;0;0;0;0;0;0;1;0;0;0;1;0;0;0;0;0;1;0;0;0;0;0;1;1;0;1;0;0;0;0;0;0;0;1;121;100;25
28;2;2013;0;1;0;0;0;0;0;0;1;0;0;0;0;0;0;1;0;0;0;0;1;0;0;0;0;0;0;0;1;0;0;0;1;0;0;0;0;1;0;1;0;1;0;0;0;0;0;0;0;1;130.9;100;40
15;12;2013;0;1;0;0;0;0;0;0;1;0;0;0;0;0;0;1;0;0;0;0;1;0;0;0;0;0;0;0;1;0;0;0;1;0;0;0;0;1;0;1;0;1;0;0;0;0;0;0;0;1;108.7;100;20
7;1;2014;0;1;0;0;0;0;0;0;1;0;0;0;0;0;0;1;0;0;0;0;1;0;0;0;0;0;0;0;1;0;0;0;1;0;0;0;0;0;1;1;0;1;0;0;0;0;0;0;0;1;102.2;100;16
18;6;2014;0;1;0;0;0;0;0;0;1;0;0;0;0;0;0;1;0;0;0;0;1;0;0;0;0;0;0;0;0;1;0;0;1;0;0;0;0;1;0;1;0;1;0;0;0;0;0;0;1;0;134.8;100;25
22;4;2014;0;1;0;0;0;0;0;0;1;0;0;0;0;0;0;1;0;0;0;0;1;0;0;0;0;0;0;0;1;0;0;0;1;0;0;0;0;1;0;1;0;1;0;0;0;0;0;0;0;1;116.5;100;25
15;1;2014;0;1;0;0;0;0;0;0;1;0;0;0;0;0;0;1;0;0;0;0;0;0;1;0;0;0;1;0;0;0;0;0;1;0;0;0;0;0;1;1;0;1;0;0;0;0;0;0;0;1;115.7;100;20
16;12;2013;0;0;0;1;0;0;0;0;0;1;0;0;0;0;0;1;0;0;0;0;1;0;0;0;0;0;1;0;0;0;0;0;0;1;0;0;1;0;0;1;0;0;0;0;0;0;1;0;0;1;95.8;100;6
1;2;2013;0;1;0;0;0;0;0;0;0;1;0;0;0;0;0;1;0;0;0;0;1;0;0;0;0;0;0;0;1;0;0;1;0;0;0;0;1;0;0;1;0;0;1;0;0;0;0;0;0;1;83.8;100;50
9;2;2014;1;0;0;0;0;0;0;0;0;1;0;0;0;0;0;1;0;0;0;0;1;0;0;0;0;0;0;0;1;0;0;1;0;0;0;0;1;0;0;1;0;0;1;0;0;0;0;0;0;1;77.7;100;40
1;12;2014;0;0;0;1;0;0;0;0;0;1;0;0;0;0;0;1;0;0;0;0;1;0;0;0;0;0;0;0;1;0;0;1;0;0;0;0;1;0;0;1;0;0;0;0;0;1;0;0;0;1;34.7;100;10
1;3;2013;0;0;0;1;0;0;0;0;0;1;0;0;0;0;0;1;0;0;0;0;1;0;0;0;0;0;0;0;1;0;0;0;1;0;0;0;0;1;0;1;0;1;0;0;0;0;0;0;0;1;144.2;100;50
13;11;2013;0;1;0;0;0;0;0;0;0;1;0;0;0;0;0;1;0;0;0;0;1;0;0;0;0;0;0;0;1;0;0;0;0;0;1;0;1;0;0;1;0;1;0;0;0;0;0;0;0;1;93.6;100;30
28;10;2013;0;1;0;0;0;0;0;0;0;1;0;0;0;0;0;1;0;0;0;0;1;0;0;0;0;0;0;0;1;0;0;0;1;0;0;0;0;0;1;1;0;1;0;0;0;0;0;0;0;1;91.2;100;12
12;1;2014;0;1;0;0;0;0;0;0;0;1;0;0;0;0;0;1;0;0;0;0;1;0;0;0;0;0;0;0;1;0;0;0;0;0;1;0;1;0;0;1;0;1;0;0;0;0;0;0;0;1;90.2;100;25
15;6;2014;0;1;0;0;0;0;0;0;0;1;0;0;0;0;0;1;0;0;0;0;1;0;0;0;0;0;1;0;0;0;0;0;1;0;0;0;0;0;1;1;0;1;0;0;0;0;0;0;0;1;83.6;100;8
9;2;2013;0;1;0;0;0;0;0;0;0;1;0;0;0;0;0;1;0;0;0;0;1;0;0;0;0;0;0;0;1;0;0;0;1;0;0;0;0;1;0;1;0;1;0;0;0;0;0;0;0;1;130;100;30
13;2;2013;0;1;0;0;0;0;0;0;0;1;0;0;0;0;0;1;0;0;0;0;0;0;1;0;0;0;0;0;0;1;0;0;1;0;0;0;0;1;0;1;0;1;0;0;0;0;0;0;1;0;93;100;12
12;11;2013;0;1;0;0;0;0;0;0;0;1;0;0;0;0;0;1;0;0;0;0;0;0;1;0;0;0;1;0;0;0;0;0;1;0;0;0;0;0;1;1;0;1;0;0;0;0;0;0;0;1;76;100;6
15;11;2014;1;0;0;0;0;0;0;0;0;0;1;0;0;0;0;1;0;0;0;0;1;0;0;0;0;0;0;0;1;0;0;0;0;1;0;0;1;0;0;1;0;0;0;0;0;0;1;0;0;1;165.3;100;30
26;1;2013;0;0;0;1;0;0;0;0;0;0;1;0;0;0;0;1;0;0;0;0;1;0;0;0;0;0;1;0;0;0;0;1;0;0;0;0;1;0;0;1;0;0;1;0;0;0;0;0;0;1;43.8;100;6
15;10;2013;0;1;0;0;0;0;0;0;0;0;1;0;0;0;0;1;0;0;0;0;1;0;0;0;0;0;1;0;0;0;0;1;0;0;0;0;1;0;0;1;0;0;1;0;0;0;0;0;0;1;40.2;100;20
10;10;2013;1;0;0;0;0;0;0;0;0;0;1;0;0;0;0;1;0;0;0;0;1;0;0;0;0;0;1;0;0;0;0;1;0;0;0;0;1;0;0;1;0;0;1;0;0;0;0;0;0;1;62.4;100;40
24;2;2014;0;1;0;0;0;0;0;0;0;0;1;0;0;0;0;1;0;0;0;0;0;0;0;0;1;0;0;0;1;0;0;0;0;0;1;0;1;0;0;1;0;1;0;0;0;0;0;0;0;1;98.8;100;20
9;11;2014;0;1;0;0;0;0;0;0;0;0;1;0;0;0;0;1;0;0;0;0;1;0;0;0;0;0;0;0;1;0;0;0;1;0;0;0;0;0;1;1;0;1;0;0;0;0;0;0;0;1;76.7;100;6
4;7;2014;0;1;0;0;0;0;0;0;0;0;1;0;0;0;0;1;0;0;0;0;1;0;0;0;0;0;0;0;1;0;0;0;0;0;1;0;1;0;0;1;0;1;0;0;0;0;0;0;0;1;73.5;100;12
6;4;2013;0;1;0;0;0;0;0;0;0;0;1;0;0;0;0;1;0;0;0;0;1;0;0;0;0;0;0;0;1;0;0;0;0;0;1;0;1;0;0;1;0;1;0;0;0;0;0;0;0;1;67.7;100;6
27;5;2013;0;1;0;0;0;0;0;0;0;0;1;0;0;0;0;1;0;0;0;0;1;0;0;0;0;0;0;0;1;0;0;0;1;0;0;0;0;1;0;1;0;1;0;0;0;0;0;0;0;1;67.1;100;6
1;8;2014;0;1;0;0;0;0;0;0;0;0;1;0;0;0;0;1;0;0;0;0;1;0;0;0;0;0;0;0;0;1;0;0;1;0;0;0;0;1;0;1;0;1;0;0;0;0;0;0;1;0;128.9;100;16
2;11;2013;0;1;0;0;0;0;0;0;0;0;1;0;0;0;0;1;0;0;0;0;1;0;0;0;0;0;0;0;0;1;0;0;1;0;0;0;0;1;0;1;0;1;0;0;0;0;0;0;1;0;122.5;100;12
22;5;2014;0;1;0;0;0;0;0;0;0;0;1;0;0;0;0;1;0;0;0;0;1;0;0;0;0;0;0;0;0;1;0;0;1;0;0;0;0;1;0;1;0;1;0;0;0;0;0;0;1;0;104.5;100;10
12;11;2013;1;0;0;0;0;0;0;0;0;0;1;0;0;0;0;1;0;0;0;0;0;0;0;0;1;0;0;0;1;0;0;0;1;0;0;0;0;0;1;1;0;1;0;0;0;0;0;0;0;1;77.1;100;12
27;7;2013;1;0;0;0;0;0;0;0;0;0;1;0;0;0;0;1;0;0;0;0;0;0;0;0;1;0;0;0;0;1;0;0;1;0;0;0;0;1;0;0;1;1;0;0;0;0;0;0;0;1;54.8;100;10
14;12;2014;0;0;0;1;0;0;0;0;0;0;0;1;0;0;0;1;0;0;0;0;1;0;0;0;0;0;1;0;0;0;0;1;0;0;0;0;1;0;0;1;0;0;1;0;0;0;0;0;0;1;38.6;100;16
11;3;2013;0;0;0;1;0;0;0;0;0;0;0;1;0;0;0;1;0;0;0;0;1;0;0;0;0;0;0;0;1;0;0;0;1;0;0;0;0;0;1;1;0;1;0;0;0;0;0;0;0;1;81.9;100;10
13;2;2014;0;0;0;1;0;0;0;0;0;0;0;1;0;0;0;1;0;0;0;0;0;0;1;0;0;0;1;0;0;0;0;0;1;0;0;0;0;0;1;1;0;1;0;0;0;0;0;0;0;1;81.1;100;16
7;9;2013;0;0;0;1;0;1;0;0;0;0;0;0;0;0;0;0;1;0;0;1;0;0;0;0;0;1;0;0;0;0;0;1;0;0;0;0;1;0;0;1;0;0;0;0;0;0;0;1;0;1;252.8;100;12
6;9;2014;0;0;0;1;0;1;0;0;0;0;0;0;0;0;0;0;1;0;0;0;1;0;0;0;0;0;1;0;0;0;0;0;1;0;0;0;1;0;0;1;0;0;0;0;1;0;0;0;0;1;39.3;100;10
17;6;2014;0;0;0;1;0;1;0;0;0;0;0;0;0;0;0;0;1;0;0;0;0;0;0;0;1;0;1;0;0;0;0;0;1;0;0;0;1;0;0;1;0;0;1;0;0;0;0;0;0;1;41.3;100;20
10;12;2013;1;0;0;0;0;1;0;0;0;0;0;0;0;0;0;0;1;0;0;0;1;0;0;0;0;0;0;0;1;0;0;0;1;0;0;0;1;0;0;1;0;0;1;0;0;0;0;0;0;1;51;100;12
16;2;2013;0;1;0;0;0;1;0;0;0;0;0;0;0;0;0;0;1;0;0;0;1;0;0;0;0;0;0;0;1;0;0;0;1;0;0;0;1;0;0;1;0;0;0;0;0;1;0;0;0;1;53.7;100;10
5;2;2014;0;0;0;1;0;1;0;0;0;0;0;0;0;0;0;0;1;0;0;0;1;0;0;0;0;0;0;0;1;0;0;0;1;0;0;0;0;1;0;1;0;1;0;0;0;0;0;0;0;1;113.9;100;12
5;6;2013;0;1;0;0;0;1;0;0;0;0;0;0;0;0;0;0;1;0;0;0;1;0;0;0;0;0;1;0;0;0;0;0;1;0;0;0;0;0;1;1;0;1;0;0;0;0;0;0;0;1;192.4;100;20
25;10;2014;0;1;0;0;0;1;0;0;0;0;0;0;0;0;0;0;1;0;0;0;1;0;0;0;0;0;0;0;0;1;0;0;1;0;0;0;0;1;0;1;0;1;0;0;0;0;0;0;0;1;183.1;100;30
27;9;2014;0;1;0;0;0;1;0;0;0;0;0;0;0;0;0;0;1;0;0;0;0;0;0;0;1;0;0;0;1;0;0;0;1;0;0;0;0;0;1;1;0;1;0;0;0;0;0;0;0;1;182.3;100;30
26;12;2014;0;1;0;0;0;1;0;0;0;0;0;0;0;0;0;0;1;0;0;0;1;0;0;0;0;0;0;0;0;1;0;0;1;0;0;0;0;1;0;1;0;1;0;0;0;0;0;0;1;0;131.6;100;12
10;1;2013;1;0;0;0;0;1;0;0;0;0;0;0;0;0;0;0;1;0;0;0;1;0;0;0;0;0;0;0;1;0;0;0;1;0;0;0;0;1;0;1;0;1;0;0;0;0;0;0;0;1;325.2;50;50
14;11;2013;0;1;0;0;0;0;1;0;0;0;0;0;0;0;0;0;1;0;0;0;0;0;0;0;1;0;0;0;1;0;0;0;0;1;0;0;1;0;0;1;0;0;0;0;0;0;1;0;0;1;354.9;100;40
21;2;2014;0;1;0;0;0;0;1;0;0;0;0;0;0;0;0;0;1;0;0;0;1;0;0;0;0;0;0;0;0;1;0;0;0;1;0;0;1;0;0;1;0;0;0;0;0;0;1;0;0;1;225.2;100;16
6;10;2013;0;1;0;0;0;0;1;0;0;0;0;0;0;0;0;0;1;0;0;0;1;0;0;0;0;0;0;0;1;0;0;0;0;1;0;0;1;0;0;1;0;0;0;0;0;0;1;0;0;1;195.7;100;12
2;8;2013;0;1;0;0;0;0;1;0;0;0;0;0;0;0;0;0;1;0;0;0;0;0;0;0;1;0;0;0;1;0;0;1;0;0;0;0;1;0;0;1;0;0;1;0;0;0;0;0;0;1;52.4;100;16
5;12;2014;1;0;0;0;0;0;1;0;0;0;0;0;0;0;0;0;1;0;0;0;1;0;0;0;0;0;1;0;0;0;0;1;0;0;0;0;1;0;0;1;0;0;1;0;0;0;0;0;0;1;51.3;100;16
20;8;2014;0;1;0;0;0;0;0;0;1;0;0;0;0;0;0;0;1;0;0;0;1;0;0;0;0;0;0;0;1;0;0;0;1;0;0;0;0;1;0;1;0;1;0;0;0;0;0;0;0;1;310.6;50;30
9;8;2014;0;1;0;0;0;0;0;0;1;0;0;0;0;0;0;0;1;0;0;0;1;0;0;0;0;0;0;0;1;0;0;0;1;0;0;0;0;0;1;1;0;1;0;0;0;0;0;0;0;1;199.2;100;25
20;8;2014;0;1;0;0;0;0;0;0;1;0;0;0;0;0;0;0;1;0;0;0;1;0;0;0;0;0;0;0;1;0;0;0;1;0;0;0;0;0;1;1;0;1;0;0;0;0;0;0;0;1;153.4;100;8
6;2;2013;0;1;0;0;0;0;0;0;1;0;0;0;0;0;0;0;1;0;0;0;0;0;1;0;0;0;1;0;0;0;0;0;1;0;0;0;0;0;1;1;0;1;0;0;0;0;0;0;0;1;116.9;100;12
2;10;2013;0;1;0;0;0;0;0;0;1;0;0;0;0;0;0;0;1;0;0;0;0;0;0;0;1;0;0;0;1;0;0;0;0;0;1;0;1;0;0;1;0;1;0;0;0;0;0;0;0;1;106.5;100;16
20;6;2013;0;1;0;0;0;0;1;0;0;0;0;0;0;0;0;0;1;0;0;0;1;0;0;0;0;0;1;0;0;0;0;0;1;0;0;0;0;0;1;1;0;1;0;0;0;0;0;0;0;1;157;100;16
4;5;2014;0;1;0;0;0;0;1;0;0;0;0;0;0;0;0;0;1;0;0;0;1;0;0;0;0;0;0;0;1;0;0;0;1;0;0;0;0;1;0;1;0;1;0;0;0;0;0;0;0;1;146;100;20
16;10;2013;1;0;0;0;0;0;1;0;0;0;0;0;0;0;0;0;1;0;0;0;1;0;0;0;0;0;0;0;1;0;0;0;1;0;0;0;0;0;1;1;0;1;0;0;0;0;0;0;0;1;170.5;100;20
1;11;2014;1;0;0;0;0;0;0;1;0;0;0;0;0;0;0;0;1;0;0;0;1;0;0;0;0;0;0;0;1;0;0;0;0;1;0;0;1;0;0;1;0;0;0;0;0;0;1;0;0;1;505.9;100;40
16;1;2014;1;0;0;0;0;0;0;1;0;0;0;0;0;0;0;0;1;0;0;0;0;0;0;0;1;0;0;0;1;0;0;0;0;1;0;0;1;0;0;1;0;0;0;0;0;0;1;0;0;1;449.2;100;50
2;9;2014;0;0;0;1;0;0;0;1;0;0;0;0;0;0;0;0;1;0;0;0;0;0;0;0;1;0;1;0;0;0;0;1;0;0;0;0;1;0;0;1;0;0;1;0;0;0;0;0;0;1;41.7;100;12
16;1;2014;0;1;0;0;0;0;0;0;1;0;0;0;0;0;0;0;1;0;0;0;1;0;0;0;0;0;1;0;0;0;0;0;1;0;0;0;1;0;0;1;0;0;1;0;0;0;0;0;0;1;45.5;100;10
17;3;2013;0;1;0;0;0;0;0;0;1;0;0;0;0;0;0;0;1;0;0;0;0;0;0;0;1;0;1;0;0;0;0;0;1;0;0;0;1;0;0;1;0;0;1;0;0;0;0;0;0;1;35.4;100;16
21;5;2013;0;1;0;0;0;0;0;0;1;0;0;0;0;0;0;0;1;0;0;0;1;0;0;0;0;0;0;0;1;0;0;0;1;0;0;0;1;0;0;1;0;0;1;0;0;0;0;0;0;1;40;100;16
23;10;2014;1;0;0;0;0;0;0;1;0;0;0;0;0;0;0;0;1;0;0;0;0;0;0;0;1;0;0;0;1;0;0;0;1;0;0;0;1;0;0;1;0;0;1;0;0;0;0;0;0;1;60.9;100;20
23;8;2014;1;0;0;0;0;0;0;1;0;0;0;0;0;0;0;0;1;0;0;0;1;0;0;0;0;0;1;0;0;0;0;0;1;0;0;0;1;0;0;1;0;0;1;0;0;0;0;0;0;1;51;100;12
23;5;2013;0;0;0;1;0;0;0;1;0;0;0;0;0;0;0;0;1;0;0;0;0;0;1;0;0;0;0;0;0;1;0;0;1;0;0;0;0;1;0;1;0;1;0;0;0;0;0;0;1;0;139.4;100;25
20;11;2014;0;1;0;0;0;0;0;0;1;0;0;0;0;0;0;0;1;0;0;0;0;0;1;0;0;0;0;0;0;1;0;0;1;0;0;0;0;1;0;1;0;1;0;0;0;0;0;0;1;0;124.9;100;20
16;7;2014;0;1;0;0;0;0;0;0;1;0;0;0;0;0;0;0;1;0;0;0;1;0;0;0;0;0;0;0;1;0;0;0;0;0;1;0;1;0;0;1;0;1;0;0;0;0;0;0;0;1;110.5;100;30
2;3;2013;1;0;0;0;0;0;0;1;0;0;0;0;0;0;0;0;1;0;0;0;1;0;0;0;0;0;0;0;1;0;0;0;0;1;0;0;1;0;0;1;0;1;0;0;0;0;0;0;0;1;211;100;12
28;9;2014;0;0;0;1;0;0;0;0;1;0;0;0;0;0;0;0;1;0;0;0;1;0;0;0;0;0;0;0;1;0;0;0;0;1;0;0;1;0;0;1;0;0;0;0;0;0;1;0;0;1;260.1;100;20
6;5;2014;0;1;0;0;0;0;0;0;1;0;0;0;0;0;0;0;1;0;0;0;1;0;0;0;0;0;0;0;1;0;0;0;0;1;0;0;1;0;0;1;0;0;0;0;0;0;1;0;0;1;366.8;100;30
19;6;2014;0;1;0;0;0;0;0;0;1;0;0;0;0;0;0;0;1;0;0;0;1;0;0;0;0;0;0;0;1;0;0;0;0;1;0;0;1;0;0;1;0;0;0;0;0;0;1;0;0;1;327.4;100;30
20;1;2014;0;1;0;0;0;0;0;0;1;0;0;0;0;0;0;0;1;0;0;0;1;0;0;0;0;0;1;0;0;0;0;0;0;1;0;0;1;0;0;1;0;0;0;0;0;0;1;0;0;1;310.2;100;30
1;6;2013;0;1;0;0;0;0;0;0;1;0;0;0;0;0;0;0;1;0;0;0;0;0;0;0;1;0;0;0;1;0;0;0;0;1;0;0;1;0;0;1;0;0;0;0;0;0;1;0;0;1;254;100;25
16;2;2014;0;1;0;0;0;0;0;0;1;0;0;0;0;0;0;0;1;0;0;0;1;0;0;0;0;0;0;0;1;0;0;0;0;1;0;0;1;0;0;1;0;0;0;0;0;0;1;0;0;1;258.9;100;20
4;3;2014;0;1;0;0;0;0;0;0;1;0;0;0;0;0;0;0;1;0;0;0;1;0;0;0;0;0;1;0;0;0;0;0;0;1;0;0;1;0;0;1;0;0;0;0;0;0;1;0;0;1;191.3;100;6
17;6;2013;0;1;0;0;0;0;0;0;1;0;0;0;0;0;0;0;1;0;0;0;1;0;0;0;0;0;0;0;1;0;0;0;0;1;0;0;1;0;0;1;0;0;0;0;0;0;1;0;0;1;177.3;100;6
16;11;2014;0;1;0;0;0;0;0;0;1;0;0;0;0;0;0;0;1;0;0;0;1;0;0;0;0;0;1;0;0;0;0;0;0;1;0;0;1;0;0;1;0;0;0;0;0;0;1;0;0;1;374;100;40
11;10;2014;0;1;0;0;0;0;0;0;1;0;0;0;0;0;0;0;1;0;0;0;1;0;0;0;0;0;1;0;0;0;0;0;0;1;0;0;1;0;0;1;0;0;0;0;0;0;1;0;0;1;265;100;25
5;8;2013;0;1;0;0;0;0;0;0;1;0;0;0;0;0;0;0;1;0;0;0;1;0;0;0;0;0;1;0;0;0;0;0;0;1;0;0;1;0;0;1;0;0;0;0;0;0;1;0;0;1;202.5;100;12
13;2;2014;0;1;0;0;0;0;0;0;1;0;0;0;0;0;0;0;1;0;0;0;0;0;0;0;1;0;0;0;1;0;0;0;0;1;0;0;1;0;0;1;0;0;0;0;0;0;1;0;0;1;304;100;30
13;2;2014;0;1;0;0;0;0;0;0;1;0;0;0;0;0;0;0;1;0;0;0;1;0;0;0;0;0;1;0;0;0;0;0;0;1;0;0;1;0;0;1;0;0;0;0;0;0;1;0;0;1;256.5;100;20
12;9;2013;0;1;0;0;0;0;0;0;1;0;0;0;0;0;0;0;1;0;0;0;1;0;0;0;0;0;0;0;1;0;0;0;0;1;0;0;1;0;0;1;0;0;0;0;0;0;1;0;0;1;229.7;100;16
18;7;2014;0;1;0;0;0;0;0;0;1;0;0;0;0;0;0;0;1;0;0;0;1;0;0;0;0;0;0;0;1;0;0;0;0;1;0;0;1;0;0;1;0;0;0;0;0;0;1;0;0;1;134.5;100;10
26;9;2014;0;1;0;0;0;0;0;0;1;0;0;0;0;0;0;0;1;0;0;0;0;0;0;0;1;0;0;0;1;0;0;0;0;1;0;0;1;0;0;1;0;0;0;0;0;0;1;0;0;1;124.3;100;6
1;11;2013;0;1;0;0;0;0;0;0;1;0;0;0;0;0;0;0;1;0;0;0;1;0;0;0;0;0;1;0;0;0;0;1;0;0;0;0;1;0;0;1;0;0;0;0;1;0;0;0;0;1;53.7;100;16
16;10;2014;0;1;0;0;0;0;0;0;1;0;0;0;0;0;0;0;1;0;0;0;0;0;0;0;1;0;0;0;1;0;0;1;0;0;0;0;1;0;0;1;0;0;1;0;0;0;0;0;0;1;49;100;12
27;8;2014;1;0;0;0;0;0;0;0;1;0;0;0;0;0;0;0;1;0;0;0;1;0;0;0;0;0;1;0;0;0;0;1;0;0;0;0;1;0;0;1;0;0;1;0;0;0;0;0;0;1;61.9;100;25
21;7;2014;0;1;0;0;0;0;0;0;1;0;0;0;0;0;0;0;1;0;0;0;1;0;0;0;0;0;1;0;0;0;0;1;0;0;0;0;1;0;0;1;0;0;1;0;0;0;0;0;0;1;101.9;100;40
2;7;2014;0;1;0;0;0;0;0;0;1;0;0;0;0;0;0;0;1;0;0;0;1;0;0;0;0;0;0;0;1;0;0;1;0;0;0;0;1;0;0;1;0;0;0;0;0;1;0;0;0;1;70.3;100;25
2;5;2014;0;0;0;1;0;0;0;0;1;0;0;0;0;0;0;0;1;0;0;0;0;0;0;0;1;0;0;0;0;1;0;0;1;0;0;0;0;1;0;0;1;1;0;0;0;0;0;0;0;1;114.8;100;16
8;6;2013;0;1;0;0;0;0;0;0;1;0;0;0;0;0;0;0;1;0;0;0;1;0;0;0;0;0;0;0;1;0;0;0;1;0;0;0;0;0;1;1;0;1;0;0;0;0;0;0;0;1;154.5;100;16
26;11;2013;0;1;0;0;0;0;0;0;1;0;0;0;0;0;0;0;1;0;0;0;0;0;0;0;1;0;0;0;1;0;0;0;1;0;0;0;0;0;1;1;0;1;0;0;0;0;0;0;0;1;134.2;100;16
15;7;2013;0;1;0;0;0;0;0;0;1;0;0;0;0;0;0;0;1;0;0;0;1;0;0;0;0;0;0;0;0;1;0;0;1;0;0;0;0;1;0;1;0;1;0;0;0;0;0;0;1;0;133.7;100;16
16;8;2014;0;1;0;0;0;0;0;0;1;0;0;0;0;0;0;0;1;0;0;0;0;0;0;0;1;0;0;0;1;0;0;0;1;0;0;0;0;0;1;1;0;1;0;0;0;0;0;0;0;1;109.8;100;12
4;1;2013;0;1;0;0;0;0;0;0;1;0;0;0;0;0;0;0;1;0;0;0;1;0;0;0;0;0;0;0;0;1;0;0;1;0;0;0;0;1;0;1;0;1;0;0;0;0;0;0;1;0;149.6;100;20
9;7;2013;0;1;0;0;0;0;0;0;1;0;0;0;0;0;0;0;1;0;0;0;0;0;0;0;1;0;0;0;1;0;0;0;0;0;1;0;1;0;0;1;0;1;0;0;0;0;0;0;0;1;108.9;100;25
18;5;2013;0;1;0;0;0;0;0;0;1;0;0;0;0;0;0;0;1;0;0;0;1;0;0;0;0;0;0;0;1;0;0;0;0;0;1;1;0;0;0;1;0;1;0;0;0;0;0;0;0;1;104.7;100;20
9;11;2013;0;1;0;0;0;0;0;0;1;0;0;0;0;0;0;0;1;0;0;0;0;0;1;0;0;0;0;0;0;1;0;0;1;0;0;0;0;1;0;1;0;1;0;0;0;0;0;0;1;0;102.7;100;12
14;1;2013;0;1;0;0;0;0;0;0;1;0;0;0;0;0;0;0;1;0;0;0;0;0;1;0;0;0;0;0;1;0;0;0;1;0;0;0;0;1;0;1;0;1;0;0;0;0;0;0;0;1;88.3;100;12
4;8;2014;0;1;0;0;0;0;0;0;1;0;0;0;0;0;0;0;1;0;0;0;1;0;0;0;0;0;1;0;0;0;0;0;1;0;0;0;0;0;1;1;0;1;0;0;0;0;0;0;0;1;151.1;100;12
20;8;2013;0;1;0;0;0;0;0;0;0;1;0;0;0;0;0;0;1;0;0;0;1;0;0;0;0;0;0;0;1;0;0;0;0;0;1;0;1;0;0;1;0;1;0;0;0;0;0;0;0;1;98.7;100;6
11;11;2014;0;1;0;0;0;0;0;0;0;1;0;0;0;0;0;0;1;0;0;0;1;0;0;0;0;0;0;0;1;0;0;0;0;0;1;0;1;0;0;1;0;1;0;0;0;0;0;0;0;1;84.5;100;12
18;5;2013;1;0;0;0;0;0;0;0;0;1;0;0;0;0;0;0;1;0;0;0;1;0;0;0;0;0;0;0;1;0;0;0;1;0;0;0;0;1;0;1;0;1;0;0;0;0;0;0;0;1;317.8;50;40
16;2;2014;1;0;0;0;0;0;0;0;0;1;0;0;0;0;0;0;1;0;0;0;0;0;1;0;0;0;1;0;0;0;0;0;1;0;0;0;0;0;1;1;0;1;0;0;0;0;0;0;0;1;170.5;100;30
27;12;2014;1;0;0;0;0;0;0;0;0;0;1;0;0;0;0;0;1;0;0;0;1;0;0;0;0;0;0;0;1;0;0;0;0;1;0;0;1;0;0;1;0;0;0;0;0;0;1;0;0;1;176.3;100;16
19;10;2014;0;1;0;0;0;0;0;0;0;0;1;0;0;0;0;0;1;0;0;0;1;0;0;0;0;0;0;0;1;0;0;1;0;0;0;0;1;0;0;1;0;0;1;0;0;0;0;0;0;1;104.6;100;40
26;3;2013;1;0;0;0;0;0;0;0;0;0;1;0;0;0;0;0;1;0;0;0;1;0;0;0;0;0;0;0;1;0;0;1;0;0;0;0;1;0;0;1;0;0;0;0;0;1;0;0;0;1;57.3;100;16
4;7;2013;0;1;0;0;0;0;0;0;0;0;1;0;0;0;0;0;1;0;0;0;0;0;0;0;1;0;0;0;1;0;0;0;0;0;1;0;1;0;0;1;0;1;0;0;0;0;0;0;0;1;95.4;100;12
14;7;2013;0;1;0;0;0;0;0;0;0;0;1;0;0;0;0;0;1;0;0;0;0;0;1;0;0;0;1;0;0;0;0;0;1;0;0;0;0;0;1;1;0;1;0;0;0;0;0;0;0;1;134.6;100;16
14;11;2014;0;1;0;0;0;0;0;0;0;0;1;0;0;0;0;0;1;0;0;0;1;0;0;0;0;0;0;0;1;0;0;0;1;0;0;0;0;0;1;1;0;1;0;0;0;0;0;0;0;1;130.8;100;10
6;7;2013;0;1;0;0;0;0;0;0;0;0;1;0;0;0;0;0;1;0;0;0;1;0;0;0;0;0;0;0;1;0;0;0;1;0;0;0;0;1;0;1;0;1;0;0;0;0;0;0;0;1;129.9;100;16
18;11;2013;0;1;0;0;0;0;0;0;0;0;1;0;0;0;0;0;1;0;0;0;1;0;0;0;0;0;0;0;0;1;0;0;1;0;0;0;0;1;0;0;1;1;0;0;0;0;0;0;0;1;111.4;100;8
25;9;2013;0;0;0;1;0;0;0;0;0;0;0;1;0;0;0;0;1;0;0;0;1;0;0;0;0;0;0;0;1;0;0;0;1;0;0;0;0;0;1;1;0;1;0;0;0;0;0;0;0;1;142.6;100;12
6;2;2014;0;0;0;1;0;0;0;0;0;0;0;1;0;0;0;0;1;0;0;0;0;0;1;0;0;0;1;0;0;0;0;0;1;0;0;0;0;0;1;1;0;1;0;0;0;0;0;0;0;1;141.4;100;20
15;12;2013;1;0;0;0;0;1;0;0;0;0;0;0;0;0;0;0;0;1;0;0;1;0;0;0;0;0;0;0;1;0;0;0;0;1;0;0;1;0;0;1;0;0;0;0;0;0;1;0;0;1;427;50;16
27;1;2014;1;0;0;0;0;1;0;0;0;0;0;0;0;0;0;0;0;1;0;0;0;0;0;0;1;0;0;0;1;0;0;0;0;1;0;0;1;0;0;1;0;0;0;0;0;0;1;0;0;1;341;50;20
24;5;2013;0;1;0;0;0;1;0;0;0;0;0;0;0;0;0;0;0;1;0;0;1;0;0;0;0;0;0;0;1;0;0;0;0;0;1;0;1;0;0;1;0;1;0;0;0;0;0;0;0;1;90.2;100;30
26;11;2014;0;1;0;0;0;1;0;0;0;0;0;0;0;0;0;0;0;1;0;0;1;0;0;0;0;0;0;0;1;0;0;0;1;0;0;0;0;1;0;1;0;1;0;0;0;0;0;0;0;1;438.2;50;40
13;3;2013;0;0;0;0;1;1;0;0;0;0;0;0;0;0;0;0;0;1;0;0;0;0;0;0;1;0;0;0;1;0;0;0;1;0;0;0;0;0;1;1;0;1;0;0;0;0;0;0;0;1;290.4;50;30
12;1;2014;0;1;0;0;0;1;0;0;0;0;0;0;0;0;0;0;0;1;0;0;1;0;0;0;0;0;0;0;1;0;0;0;1;0;0;0;0;0;1;1;0;1;0;0;0;0;0;0;0;1;236.2;50;16
15;3;2013;0;1;0;0;0;1;0;0;0;0;0;0;0;0;0;0;0;1;0;0;0;0;1;0;0;0;0;0;0;1;0;0;1;0;0;0;0;1;0;1;0;1;0;0;0;0;0;0;1;0;151.1;100;20
26;3;2014;0;1;0;0;0;1;0;0;0;0;0;0;0;0;0;0;0;1;0;0;0;0;1;0;0;0;0;0;0;1;0;0;1;0;0;0;0;1;0;1;0;1;0;0;0;0;0;0;1;0;178;100;25
26;12;2014;1;0;0;0;0;1;0;0;0;0;0;0;0;0;0;0;0;1;0;0;1;0;0;0;0;0;1;0;0;0;0;0;1;0;0;0;0;0;1;1;0;1;0;0;0;0;0;0;0;1;243;50;10
18;4;2014;0;0;0;1;0;0;1;0;0;0;0;0;0;0;0;0;0;1;0;0;1;0;0;0;0;0;0;0;1;0;0;0;0;1;0;0;1;0;0;1;0;0;0;0;0;0;1;0;0;1;296;100;20
26;4;2013;0;1;0;0;0;0;1;0;0;0;0;0;0;0;0;0;0;1;0;0;1;0;0;0;0;0;0;0;1;0;0;0;0;1;0;0;1;0;0;1;0;0;0;0;0;0;1;0;0;1;369.8;50;12
21;4;2014;0;1;0;0;0;0;1;0;0;0;0;0;0;0;0;0;0;1;0;0;1;0;0;0;0;0;0;0;1;0;0;0;0;1;0;0;1;0;0;1;0;0;0;0;0;0;1;0;0;1;535;50;25
22;4;2013;0;1;0;0;0;0;1;0;0;0;0;0;0;0;0;0;0;1;0;0;1;0;0;0;0;0;0;0;1;0;0;1;0;0;0;0;1;0;0;1;0;0;1;0;0;0;0;0;0;1;80.2;100;16
10;10;2014;0;1;0;0;0;0;1;0;0;0;0;0;0;0;0;0;0;1;0;0;1;0;0;0;0;0;1;0;0;0;0;1;0;0;0;0;1;0;0;1;0;0;1;0;0;0;0;0;0;1;75.1;100;10
21;8;2014;1;0;0;0;0;0;1;0;0;0;0;0;0;0;0;0;0;1;0;0;1;0;0;0;0;0;0;0;1;0;0;1;0;0;0;0;1;0;0;1;0;0;1;0;0;0;0;0;0;1;78.4;100;12
15;4;2014;1;0;0;0;0;0;1;0;0;0;0;0;0;0;0;0;0;1;0;0;1;0;0;0;0;0;0;0;1;0;0;1;0;0;0;0;1;0;0;1;0;0;1;0;0;0;0;0;0;1;160.9;100;50
20;10;2013;0;0;0;1;0;0;1;0;0;0;0;0;0;0;0;0;0;1;0;0;1;0;0;0;0;0;1;0;0;0;0;0;1;0;0;0;0;0;1;1;0;1;0;0;0;0;0;0;0;1;287.6;50;20
20;7;2013;0;0;0;1;0;0;1;0;0;0;0;0;0;0;0;0;0;1;0;0;0;0;0;0;1;0;0;0;1;0;0;0;0;0;1;0;1;0;0;1;0;1;0;0;0;0;0;0;0;1;114.7;100;16
27;10;2014;0;1;0;0;0;0;0;0;1;0;0;0;0;0;0;0;0;1;0;0;1;0;0;0;0;0;0;0;1;0;0;0;1;0;0;0;0;1;0;1;0;1;0;0;0;0;0;0;0;1;186.5;100;16
4;3;2013;1;0;0;0;0;0;1;0;0;0;0;0;0;0;0;0;0;1;0;0;1;0;0;0;0;0;0;0;1;0;0;0;1;0;0;0;0;1;0;1;0;1;0;0;0;0;0;0;0;1;447;50;60
15;1;2014;0;1;0;0;0;0;1;0;0;0;0;0;0;0;0;0;0;1;0;0;1;0;0;0;0;0;0;0;1;0;0;0;0;1;0;0;1;0;0;1;0;1;0;0;0;0;0;0;0;1;320.8;100;12
27;4;2013;0;1;0;0;0;0;0;1;0;0;0;0;0;0;0;0;0;1;0;0;0;0;0;0;1;0;0;0;1;0;0;0;0;1;0;0;1;0;0;1;0;0;0;0;0;0;1;0;0;1;232.8;50;12
9;10;2014;1;0;0;0;0;0;0;1;0;0;0;0;0;0;0;0;0;1;0;0;1;0;0;0;0;0;0;0;1;0;0;0;0;1;0;0;1;0;0;1;0;0;0;0;0;0;1;0;0;1;916.4;50;50
26;5;2014;0;0;0;1;0;0;0;1;0;0;0;0;0;0;0;0;0;1;0;0;1;0;0;0;0;0;1;0;0;0;0;1;0;0;0;0;1;0;0;1;0;0;1;0;0;0;0;0;0;1;82.4;100;16
4;4;2013;0;0;0;1;0;0;0;1;0;0;0;0;0;0;0;0;0;1;0;0;1;0;0;0;0;0;0;0;1;0;0;0;1;0;0;0;1;0;0;1;0;0;1;0;0;0;0;0;0;1;136.7;100;40
19;9;2014;0;1;0;0;0;0;0;0;1;0;0;0;0;0;0;0;0;1;0;0;0;0;0;0;1;0;1;0;0;0;0;0;1;0;0;0;1;0;0;1;0;0;1;0;0;0;0;0;0;1;89.8;100;40
2;10;2014;1;0;0;0;0;0;0;1;0;0;0;0;0;0;0;0;0;1;0;0;0;0;0;0;1;0;1;0;0;0;0;0;1;0;0;0;1;0;0;1;0;0;1;0;0;0;0;0;0;1;55.7;100;12
15;11;2013;0;1;0;0;0;0;0;1;0;0;0;0;0;0;0;0;0;1;0;0;0;0;0;0;1;0;0;0;1;0;0;0;1;0;0;0;1;0;0;1;0;0;0;0;0;1;0;0;0;1;69.5;100;16
21;11;2014;0;1;0;0;0;0;0;1;0;0;0;0;0;0;0;0;0;1;0;0;1;0;0;0;0;0;0;0;1;0;0;1;0;0;0;0;1;0;0;1;0;0;0;0;0;1;0;0;0;1;73;100;20
24;4;2013;0;0;0;1;0;0;0;1;0;0;0;0;0;0;0;0;0;1;0;0;0;0;0;0;1;0;0;0;1;0;0;0;1;0;0;0;0;0;1;1;0;1;0;0;0;0;0;0;0;1;283.6;50;25
14;4;2013;0;1;0;0;0;0;0;0;1;0;0;0;0;0;0;0;0;1;0;0;1;0;0;0;0;0;0;0;1;0;0;0;0;0;1;0;1;0;0;1;0;1;0;0;0;0;0;0;0;1;53.5;100;25
17;2;2013;0;1;0;0;0;0;0;0;1;0;0;0;0;0;0;0;0;1;0;0;0;1;0;0;0;0;0;1;0;0;0;0;1;0;0;0;0;1;0;1;0;1;0;0;0;0;0;0;0;1;238.9;100;35
14;4;2013;0;1;0;0;0;0;0;0;1;0;0;0;0;0;0;0;0;1;0;0;0;0;1;0;0;0;1;0;0;0;0;0;1;0;0;0;0;0;1;1;0;1;0;0;0;0;0;0;0;1;238.2;50;20
26;9;2013;1;0;0;0;0;0;0;1;0;0;0;0;0;0;0;0;0;1;0;0;0;0;0;0;1;0;0;0;1;0;0;0;1;0;0;0;0;0;1;1;0;1;0;0;0;0;0;0;0;1;243.4;50;20
16;10;2013;1;0;0;0;0;0;0;1;0;0;0;0;0;0;0;0;0;1;0;0;1;0;0;0;0;0;0;0;0;1;0;0;1;0;0;0;0;1;0;1;0;1;0;0;0;0;0;0;1;0;217.3;100;16
20;6;2013;0;1;0;0;0;0;0;0;1;0;0;0;0;0;0;0;0;1;0;0;1;0;0;0;0;0;0;0;1;0;0;0;0;1;0;0;1;0;0;1;0;0;0;0;0;0;1;0;0;1;237.8;100;12
23;5;2013;0;1;0;0;0;0;0;0;1;0;0;0;0;0;0;0;0;1;0;0;0;0;0;0;1;0;0;0;1;0;0;0;0;1;0;0;1;0;0;1;0;0;0;0;0;0;1;0;0;1;722.6;50;50
16;4;2013;1;0;0;0;0;0;0;0;1;0;0;0;0;0;0;0;0;1;0;0;1;0;0;0;0;0;0;0;1;0;0;0;0;1;0;0;1;0;0;1;0;0;0;0;0;0;1;0;0;1;495.5;100;30
17;8;2014;0;1;0;0;0;0;0;0;1;0;0;0;0;0;0;0;0;1;0;0;0;0;0;0;1;0;0;0;1;0;0;0;0;1;0;0;1;0;0;1;0;0;0;0;0;0;1;0;0;1;403.4;50;25
24;11;2013;0;1;0;0;0;0;0;0;1;0;0;0;0;0;0;0;0;1;0;0;1;0;0;0;0;0;0;0;1;0;0;0;0;1;0;0;1;0;0;1;0;0;0;0;0;0;1;0;0;1;684;50;40
11;5;2013;0;1;0;0;0;0;0;0;1;0;0;0;0;0;0;0;0;1;0;0;1;0;0;0;0;0;0;0;1;0;0;0;0;1;0;0;1;0;0;1;0;0;0;0;0;0;1;0;0;1;362.4;100;16
21;8;2014;0;1;0;0;0;0;0;0;1;0;0;0;0;0;0;0;0;1;0;0;1;0;0;0;0;0;0;0;1;0;0;0;0;1;0;0;1;0;0;1;0;0;0;0;0;0;1;0;0;1;337.6;100;25
10;1;2013;0;1;0;0;0;0;0;0;1;0;0;0;0;0;0;0;0;1;0;0;1;0;0;0;0;0;0;0;0;1;0;1;0;0;0;0;1;0;0;1;0;0;0;0;1;0;0;0;0;1;80.9;100;16
7;11;2014;0;1;0;0;0;0;0;0;1;0;0;0;0;0;0;0;0;1;0;0;1;0;0;0;0;0;0;0;0;1;0;1;0;0;0;0;1;0;0;1;0;0;0;0;1;0;0;0;0;1;54.1;100;12
4;3;2013;0;1;0;0;0;0;0;0;1;0;0;0;0;0;0;0;0;1;0;0;1;0;0;0;0;0;1;0;0;0;0;1;0;0;0;0;1;0;0;1;0;0;1;0;0;0;0;0;0;1;98.9;100;25
2;4;2014;0;1;0;0;0;0;0;0;1;0;0;0;0;0;0;0;0;1;0;0;0;0;0;0;1;0;0;0;1;0;0;1;0;0;0;0;1;0;0;1;0;0;1;0;0;0;0;0;0;1;69.2;100;12
28;1;2014;0;1;0;0;0;0;0;0;1;0;0;0;0;0;0;0;0;1;0;0;1;0;0;0;0;0;0;0;1;0;0;1;0;0;0;0;1;0;0;1;0;0;1;0;0;0;0;0;0;1;107.7;100;20
5;3;2014;0;1;0;0;0;0;0;0;1;0;0;0;0;0;0;0;0;1;0;0;1;0;0;0;0;0;1;0;0;0;0;1;0;0;0;0;1;0;0;1;0;0;1;0;0;0;0;0;0;1;125.9;100;40
18;3;2013;0;1;0;0;0;0;0;0;1;0;0;0;0;0;0;0;0;1;0;0;0;0;0;0;1;0;0;0;1;0;0;1;0;0;0;0;1;0;0;1;0;0;1;0;0;0;0;0;0;1;129.8;100;40
19;5;2014;1;0;0;0;0;0;0;0;1;0;0;0;0;0;0;0;0;1;0;0;0;0;0;0;1;0;1;0;0;0;0;1;0;0;0;0;1;0;0;1;0;0;1;0;0;0;0;0;0;1;50.8;100;16
19;11;2013;1;0;0;0;0;0;0;0;1;0;0;0;0;0;0;0;0;1;0;0;1;0;0;0;0;0;0;0;1;0;0;1;0;0;0;0;1;0;0;1;0;0;0;0;0;1;0;0;0;1;77.7;100;25
10;7;2013;0;1;0;0;0;0;0;0;1;0;0;0;0;0;0;0;0;1;0;0;1;0;0;0;0;0;0;0;1;0;0;1;0;0;0;0;1;0;0;1;0;0;0;0;0;1;0;0;0;1;65.8;100;12
10;6;2014;0;1;0;0;0;0;0;0;1;0;0;0;0;0;0;0;0;1;0;0;0;0;0;0;1;0;0;0;1;0;0;0;1;0;0;0;0;0;1;1;0;1;0;0;0;0;0;0;0;1;398.4;50;40
18;6;2013;0;1;0;0;0;0;0;0;1;0;0;0;0;0;0;0;0;1;0;0;1;0;0;0;0;0;0;0;1;0;0;0;1;0;0;0;0;0;1;1;0;1;0;0;0;0;0;0;0;1;268.4;50;20
12;1;2014;0;0;1;0;0;0;0;0;1;0;0;0;0;0;0;0;0;1;0;0;1;0;0;0;0;0;0;0;1;0;0;0;1;0;0;0;0;0;1;1;0;1;0;0;0;0;0;0;0;1;232.6;50;12
4;9;2014;0;0;1;0;0;0;0;0;1;0;0;0;0;0;0;0;0;1;0;0;1;0;0;0;0;0;0;0;1;0;0;0;1;0;0;0;0;1;0;1;0;1;0;0;0;0;0;0;0;1;203.4;100;20
3;3;2013;0;1;0;0;0;0;0;0;1;0;0;0;0;0;0;0;0;1;0;0;0;0;0;0;1;0;0;0;1;0;0;0;0;0;1;0;1;0;0;1;0;1;0;0;0;0;0;0;0;1;124.9;100;25
12;8;2014;0;1;0;0;0;0;0;0;1;0;0;0;0;0;0;0;0;1;0;0;1;0;0;0;0;0;0;0;1;0;0;0;0;0;1;0;1;0;0;1;0;1;0;0;0;0;0;0;0;1;116.4;100;16
1;10;2014;0;1;0;0;0;0;0;0;1;0;0;0;0;0;0;0;0;1;0;0;0;0;1;0;0;0;0;0;1;0;0;0;1;0;0;0;0;1;0;1;0;1;0;0;0;0;0;0;0;1;100;100;25
2;1;2014;1;0;0;0;0;0;0;0;1;0;0;0;0;0;0;0;0;1;0;0;1;0;0;0;0;0;1;0;0;0;0;0;1;0;0;0;0;0;1;1;0;1;0;0;0;0;0;0;0;1;339.2;50;25
13;4;2013;0;1;0;0;0;0;0;0;1;0;0;0;0;0;0;0;0;1;0;0;0;0;1;0;0;0;1;0;0;0;0;0;1;0;0;0;0;0;1;1;0;1;0;0;0;0;0;0;0;1;210.2;50;16
8;1;2014;0;1;0;0;0;0;0;0;1;0;0;0;0;0;0;0;0;1;0;0;1;0;0;0;0;0;0;0;1;0;0;0;1;0;0;0;0;1;0;1;0;1;0;0;0;0;0;0;0;1;209.2;100;25
5;2;2014;0;1;0;0;0;0;0;0;1;0;0;0;0;0;0;0;0;1;0;0;0;1;0;0;0;0;0;1;0;0;0;0;1;0;0;0;0;1;0;1;0;1;0;0;0;0;0;0;0;1;156.1;100;12
26;5;2013;0;1;0;0;0;0;0;0;1;0;0;0;0;0;0;0;0;1;0;0;1;0;0;0;0;0;0;0;1;0;0;0;1;0;0;0;0;0;1;1;0;1;0;0;0;0;0;0;0;1;290.4;50;25
22;10;2013;0;1;0;0;0;0;0;0;1;0;0;0;0;0;0;0;0;1;0;0;1;0;0;0;0;0;1;0;0;0;0;0;1;0;0;0;0;0;1;1;0;1;0;0;0;0;0;0;0;1;265.6;50;16
7;11;2013;0;1;0;0;0;0;0;0;1;0;0;0;0;0;0;0;0;1;0;0;0;0;1;0;0;0;0;0;1;0;0;0;0;0;1;0;1;0;0;1;0;1;0;0;0;0;0;0;0;1;124;100;20
17;9;2013;0;0;0;1;0;0;0;0;0;1;0;0;0;0;0;0;0;1;0;0;1;0;0;0;0;0;1;0;0;0;0;1;0;0;0;0;1;0;0;1;0;0;0;0;1;0;0;0;0;1;82.6;100;20
7;9;2014;0;1;0;0;0;0;0;0;0;1;0;0;0;0;0;0;0;1;0;0;0;0;0;0;1;0;0;0;1;0;0;1;0;0;0;0;1;0;0;1;0;0;1;0;0;0;0;0;0;1;88.7;100;20
1;8;2013;0;0;0;1;0;0;0;0;0;1;0;0;0;0;0;0;0;1;0;0;0;0;0;0;1;0;0;0;1;0;0;1;0;0;0;0;1;0;0;1;0;0;0;0;0;1;0;0;0;1;98.3;100;25
20;11;2013;0;0;0;1;0;0;0;0;0;1;0;0;0;0;0;0;0;1;0;0;0;0;0;0;1;0;0;0;1;0;0;0;1;0;0;0;0;0;1;1;0;1;0;0;0;0;0;0;0;1;224.6;50;16
7;5;2013;0;0;0;1;0;0;0;0;0;1;0;0;0;0;0;0;0;1;0;0;0;0;1;0;0;0;1;0;0;0;0;0;1;0;0;0;0;0;1;1;0;1;0;0;0;0;0;0;0;1;281;50;30
11;10;2014;1;0;0;0;0;0;0;0;0;1;0;0;0;0;0;0;0;1;0;0;1;0;0;0;0;0;0;0;1;0;0;0;1;0;0;0;0;1;0;1;0;1;0;0;0;0;0;0;0;1;427.6;50;30
8;4;2014;1;0;0;0;0;0;0;0;0;1;0;0;0;0;0;0;0;1;0;0;1;0;0;0;0;0;1;0;0;0;0;0;1;0;0;0;0;0;1;1;0;1;0;0;0;0;0;0;0;1;353.2;50;30
18;2;2013;1;0;0;0;0;0;0;0;0;1;0;0;0;0;0;0;0;1;0;0;1;0;0;0;0;0;0;0;1;0;0;0;0;1;0;0;1;0;0;1;0;1;0;0;0;0;0;0;0;1;462.3;100;25
15;1;2013;0;0;0;1;0;0;0;0;0;0;1;0;0;0;0;0;0;1;0;0;1;0;0;0;0;0;0;0;1;0;0;0;0;0;1;0;1;0;0;1;0;1;0;0;0;0;0;0;0;1;95.9;100;12
26;4;2013;0;0;0;1;0;0;0;0;0;0;1;0;0;0;0;0;0;1;0;0;1;0;0;0;0;0;0;0;1;0;0;0;1;0;0;0;0;0;1;1;0;1;0;0;0;0;0;0;0;1;228;50;10
8;6;2014;0;1;0;0;0;0;0;0;0;0;1;0;0;0;0;0;0;1;0;0;0;0;1;0;0;0;1;0;0;0;0;0;1;0;0;0;0;0;1;1;0;1;0;0;0;0;0;0;0;1;366.2;50;40
19;2;2013;0;1;0;0;0;0;0;0;0;0;1;0;0;0;0;0;0;1;0;0;0;0;1;0;0;0;1;0;0;0;0;0;1;0;0;0;0;0;1;1;0;1;0;0;0;0;0;0;0;1;249.8;50;25
20;11;2013;0;1;0;0;0;0;0;0;0;0;1;0;0;0;0;0;0;1;0;0;1;0;0;0;0;0;0;0;0;1;0;0;1;0;0;0;0;1;0;1;0;1;0;0;0;0;0;0;1;0;244.7;100;25
25;12;2014;0;1;0;0;0;0;0;0;0;0;1;0;0;0;0;0;0;1;0;0;1;0;0;0;0;0;0;0;0;1;0;0;1;0;0;0;0;1;0;1;0;1;0;0;0;0;0;0;1;0;201.5;100;12
9;7;2013;0;1;0;0;0;0;0;0;0;0;1;0;0;0;0;0;0;1;0;0;1;0;0;0;0;0;0;0;1;0;0;0;0;0;1;0;1;0;0;1;0;1;0;0;0;0;0;0;0;1;149.9;100;40
4;12;2013;0;1;0;0;0;0;0;0;0;0;1;0;0;0;0;0;0;1;0;0;0;0;1;0;0;0;0;0;1;0;0;0;1;0;0;0;0;1;0;1;0;1;0;0;0;0;0;0;0;1;109.8;100;12
3;8;2014;1;0;0;0;0;0;0;0;0;0;1;0;0;0;0;0;0;1;0;0;1;0;0;0;0;0;0;0;1;0;0;0;0;0;1;0;1;0;0;1;0;1;0;0;0;0;0;0;0;1;120.4;100;20
23;7;2014;0;0;0;1;0;1;0;0;0;0;0;0;0;0;0;0;0;0;1;0;1;0;0;0;0;0;0;0;1;0;0;0;1;0;0;0;0;1;0;1;0;1;0;0;0;0;0;0;0;1;391.6;25;20
14;1;2014;0;1;0;0;0;0;0;0;1;0;0;0;0;0;0;0;0;0;1;0;1;0;0;0;0;0;0;0;1;0;0;0;1;0;0;0;0;1;0;1;0;1;0;0;0;0;0;0;0;1;622.4;25;40
2;4;2014;0;1;0;0;0;0;0;0;1;0;0;0;0;0;0;0;0;0;1;0;0;1;0;0;0;0;0;1;0;0;0;0;1;0;0;0;0;1;0;1;0;1;0;0;0;0;0;0;0;1;486.2;50;45
8;7;2014;1;0;0;0;0;0;0;0;1;0;0;0;0;0;0;0;0;0;1;0;0;1;0;0;0;0;0;1;0;0;0;0;1;0;0;0;0;1;0;1;0;1;0;0;0;0;0;0;0;1;418.6;50;35
23;11;2014;0;1;0;0;0;0;0;0;1;0;0;0;0;0;0;0;0;0;1;0;1;0;0;0;0;0;0;0;1;0;0;0;1;0;0;0;0;1;0;1;0;1;0;0;0;0;0;0;0;1;732.4;25;50
10;10;2013;0;1;0;0;0;0;0;0;1;0;0;0;0;0;0;0;0;0;1;0;0;1;0;0;0;0;0;1;0;0;0;0;1;0;0;0;0;1;0;1;0;1;0;0;0;0;0;0;0;1;577.2;50;55
26;2;2014;0;0;0;1;0;0;0;0;0;1;0;0;0;0;0;0;0;0;1;0;0;1;0;0;0;0;0;1;0;0;0;0;1;0;0;0;0;1;0;1;0;1;0;0;0;0;0;0;0;1;287;50;10
18;4;2013;0;0;0;1;0;0;0;0;0;1;0;0;1;0;0;0;0;0;0;0;0;1;0;0;0;0;0;1;0;0;0;0;1;0;0;0;0;1;0;1;0;1;0;0;0;0;0;0;0;1;1174.8;25;45
9;10;2013;0;1;0;0;0;1;0;0;0;0;0;0;0;1;0;0;0;0;0;0;1;0;0;0;0;0;1;0;0;0;0;0;0;1;0;0;1;0;0;1;0;0;0;0;0;0;1;0;0;1;80.2;100;20
23;3;2014;0;1;0;0;0;1;0;0;0;0;0;0;0;1;0;0;0;0;0;0;0;0;0;0;1;0;0;0;1;0;0;0;0;1;0;0;1;0;0;1;0;0;0;0;0;0;1;0;0;1;73.3;100;20
16;1;2014;0;0;0;0;1;1;0;0;0;0;0;0;0;1;0;0;0;0;0;0;1;0;0;0;0;0;0;0;1;0;0;0;1;0;0;0;1;0;0;1;0;0;1;0;0;0;0;0;0;1;30.8;100;6
21;8;2014;0;0;0;0;1;1;0;0;0;0;0;0;0;1;0;0;0;0;0;0;0;0;0;0;1;0;0;0;1;0;0;0;1;0;0;0;1;0;0;1;0;0;0;0;0;1;0;0;0;1;33.5;100;12
14;1;2014;0;1;0;0;0;1;0;0;0;0;0;0;0;1;0;0;0;0;0;0;1;0;0;0;0;0;0;0;1;0;0;0;1;0;0;0;1;0;0;1;0;0;0;0;0;1;0;0;0;1;29.9;100;6
5;6;2014;0;1;0;0;0;1;0;0;0;0;0;0;0;1;0;0;0;0;0;0;1;0;0;0;0;0;0;0;1;0;0;0;0;0;1;0;1;0;0;1;0;1;0;0;0;0;0;0;0;1;79.8;100;6
12;2;2013;0;1;0;0;0;0;1;0;0;0;0;0;0;1;0;0;0;0;0;0;1;0;0;0;0;0;0;0;1;0;0;0;0;1;0;0;1;0;0;1;0;0;0;0;0;0;1;0;0;1;40.7;100;12
9;4;2014;1;0;0;0;0;0;1;0;0;0;0;0;0;1;0;0;0;0;0;0;0;0;0;0;1;0;0;0;1;0;0;0;0;1;0;0;1;0;0;1;0;0;0;0;0;0;1;0;0;1;51.5;100;12
23;5;2014;0;1;0;0;0;0;1;0;0;0;0;0;0;1;0;0;0;0;0;0;1;0;0;0;0;0;1;0;0;0;0;1;0;0;0;0;1;0;0;1;0;0;1;0;0;0;0;0;0;1;26.3;100;6
11;3;2013;0;1;0;0;0;0;1;0;0;0;0;0;0;1;0;0;0;0;0;0;1;0;0;0;0;0;0;0;0;0;1;1;0;0;0;0;1;0;0;1;0;0;0;0;0;1;0;0;0;1;38.4;100;12
3;2;2014;0;1;0;0;0;0;1;0;0;0;0;0;0;1;0;0;0;0;0;0;1;0;0;0;0;0;0;0;1;0;0;1;0;0;0;0;1;0;0;1;0;0;0;0;0;1;0;0;0;1;31;100;10
20;6;2013;0;1;0;0;0;0;0;0;1;0;0;0;0;1;0;0;0;0;0;0;1;0;0;0;0;0;0;0;1;0;0;0;1;0;0;0;0;1;0;1;0;1;0;0;0;0;0;0;0;1;47.2;100;16
7;5;2014;0;1;0;0;0;0;1;0;0;0;0;0;0;1;0;0;0;0;0;0;0;0;0;0;1;0;0;0;1;0;0;0;0;0;1;0;1;0;0;1;0;1;0;0;0;0;0;0;0;1;65;100;6
12;10;2014;0;0;0;1;0;0;0;1;0;0;0;0;0;1;0;0;0;0;0;0;1;0;0;0;0;0;0;0;1;0;0;0;0;0;1;0;1;0;0;1;0;1;0;0;0;0;0;0;0;1;81;100;16
11;7;2014;0;1;0;0;0;0;0;0;1;0;0;0;0;1;0;0;0;0;0;0;1;0;0;0;0;0;0;0;1;0;0;0;0;1;0;0;1;0;0;1;0;0;0;0;0;0;1;0;0;1;76;100;12
21;3;2014;0;0;0;1;0;0;0;0;1;0;0;0;0;1;0;0;0;0;0;0;1;0;0;0;0;0;0;0;1;0;0;0;0;1;0;0;1;0;0;1;0;0;0;0;0;0;1;0;0;1;81;100;20
11;1;2013;0;1;0;0;0;0;0;0;1;0;0;0;0;1;0;0;0;0;0;0;1;0;0;0;0;0;0;0;1;0;0;0;0;1;0;0;1;0;0;1;0;0;0;0;0;0;1;0;0;1;86.1;100;25
26;5;2014;1;0;0;0;0;0;0;0;1;0;0;0;0;1;0;0;0;0;0;0;1;0;0;0;0;0;1;0;0;0;0;0;0;1;0;0;1;0;0;1;0;0;0;0;0;0;1;0;0;1;60.9;100;6
27;9;2013;0;0;0;1;0;0;0;0;1;0;0;0;0;1;0;0;0;0;0;0;1;0;0;0;0;0;0;0;1;0;0;0;0;1;0;0;1;0;0;1;0;0;0;0;0;0;1;0;0;1;41.7;100;10
10;8;2013;0;1;0;0;0;0;0;0;1;0;0;0;0;1;0;0;0;0;0;0;1;0;0;0;0;0;0;0;0;1;0;0;0;1;0;0;1;0;0;1;0;0;0;0;0;0;1;0;0;1;92.9;100;25
24;4;2013;0;1;0;0;0;0;0;0;1;0;0;0;0;1;0;0;0;0;0;0;0;0;0;0;1;0;0;0;1;0;0;0;0;1;0;0;1;0;0;1;0;0;0;0;0;0;1;0;0;1;69.9;100;16
28;9;2013;0;1;0;0;0;0;0;0;1;0;0;0;0;1;0;0;0;0;0;0;0;0;0;0;1;0;0;0;1;0;0;0;0;1;0;0;1;0;0;1;0;0;0;0;0;0;1;0;0;1;52.3;100;6
2;3;2013;0;1;0;0;0;0;0;0;1;0;0;0;0;1;0;0;0;0;0;0;1;0;0;0;0;0;0;0;1;0;0;0;0;1;0;0;1;0;0;1;0;0;0;0;0;0;1;0;0;1;40.6;100;6
24;3;2014;0;0;0;1;0;0;0;0;1;0;0;0;0;1;0;0;0;0;0;0;1;0;0;0;0;0;1;0;0;0;0;1;0;0;0;0;1;0;0;1;0;0;1;0;0;0;0;0;0;1;43.5;100;20
11;5;2014;0;0;0;1;0;0;0;0;1;0;0;0;0;1;0;0;0;0;0;0;1;0;0;0;0;0;0;0;1;0;0;1;0;0;0;0;1;0;0;1;0;0;1;0;0;0;0;0;0;1;42.6;100;20
21;11;2013;0;0;0;1;0;0;0;0;1;0;0;0;0;1;0;0;0;0;0;0;1;0;0;0;0;0;0;0;0;0;1;1;0;0;0;0;1;0;0;1;0;0;1;0;0;0;0;0;0;1;34.7;100;6
27;5;2013;0;1;0;0;0;0;0;0;1;0;0;0;0;1;0;0;0;0;0;0;1;0;0;0;0;0;1;0;0;0;0;1;0;0;0;0;1;0;0;1;0;0;1;0;0;0;0;0;0;1;30.1;100;12
16;5;2014;0;1;0;0;0;0;0;0;1;0;0;0;0;1;0;0;0;0;0;0;0;0;0;0;1;0;0;0;1;0;0;1;0;0;0;0;1;0;0;1;0;0;0;0;0;1;0;0;0;1;30.8;100;6
4;4;2014;0;1;0;0;0;0;0;0;1;0;0;0;0;1;0;0;0;0;0;0;1;0;0;0;0;0;0;0;1;0;0;1;0;0;0;0;1;0;0;1;0;0;0;0;0;1;0;0;0;1;31.8;100;12
28;10;2013;0;1;0;0;0;0;0;0;1;0;0;0;0;1;0;0;0;0;0;0;1;0;0;0;0;0;0;0;1;0;0;1;0;0;0;0;1;0;0;1;0;0;0;0;0;1;0;0;0;1;40.1;100;20
14;7;2013;0;0;0;1;0;0;0;0;1;0;0;0;0;1;0;0;0;0;0;0;1;0;0;0;0;0;0;0;1;0;0;0;1;0;0;0;0;1;0;1;0;1;0;0;0;0;0;0;0;1;43.9;100;12
20;11;2014;0;1;0;0;0;0;0;0;1;0;0;0;0;1;0;0;0;0;0;0;0;0;0;0;1;0;0;0;1;0;0;0;0;0;1;0;1;0;0;1;0;1;0;0;0;0;0;0;0;1;83.6;100;16
9;2;2013;0;1;0;0;0;0;0;0;1;0;0;0;0;1;0;0;0;0;0;0;1;0;0;0;0;0;0;0;0;1;0;0;1;0;0;0;0;1;0;0;1;1;0;0;0;0;0;0;0;1;53.5;100;10
21;10;2013;0;1;0;0;0;0;0;0;1;0;0;0;0;1;0;0;0;0;0;0;1;0;0;0;0;0;0;0;0;1;0;0;1;0;0;0;0;1;0;1;0;1;0;0;0;0;0;0;1;0;48.1;100;6
8;8;2014;0;1;0;0;0;0;0;0;1;0;0;0;0;1;0;0;0;0;0;0;1;0;0;0;0;0;0;0;1;0;0;0;1;0;0;0;0;1;0;1;0;1;0;0;0;0;0;0;0;1;48.1;100;6
9;12;2014;0;0;0;1;0;0;0;0;0;1;0;0;0;1;0;0;0;0;0;0;1;0;0;0;0;0;1;0;0;0;0;0;0;1;0;0;1;0;0;1;0;0;0;0;0;0;1;0;0;1;82.7;100;16
22;8;2014;0;1;0;0;0;0;0;0;0;1;0;0;0;1;0;0;0;0;0;0;1;0;0;0;0;0;0;0;1;0;0;0;0;0;1;0;1;0;0;1;0;1;0;0;0;0;0;0;0;1;80;100;12
24;5;2014;0;0;0;1;0;0;0;0;0;0;1;0;0;1;0;0;0;0;0;0;0;0;0;0;1;0;0;0;1;0;0;0;0;0;1;0;1;0;0;1;0;1;0;0;0;0;0;0;0;1;82.7;100;12
18;12;2014;0;0;0;1;0;0;0;0;0;0;1;0;0;0;1;0;0;0;0;0;1;0;0;0;0;0;0;0;0;1;0;0;1;0;0;0;0;1;0;1;0;1;0;0;0;0;0;0;1;0;82.4;100;12
8;12;2013;0;1;0;0;0;1;0;0;0;0;0;0;0;0;1;0;0;0;0;0;0;0;1;0;0;0;0;0;1;0;0;1;0;0;0;0;1;0;0;1;0;0;0;0;0;0;1;0;0;1;52.7;100;35
14;8;2014;1;0;0;0;0;1;0;0;0;0;0;0;0;0;1;0;0;0;0;0;0;0;1;0;0;0;0;0;1;0;0;1;0;0;0;0;1;0;0;1;0;0;0;0;0;0;1;0;0;1;171.5;100;75
1;11;2014;0;1;0;0;0;1;0;0;0;0;0;0;0;0;1;0;0;0;0;0;1;0;0;0;0;0;1;0;0;0;0;0;1;0;0;0;1;0;0;1;0;0;1;0;0;0;0;0;0;1;35.1;100;12
10;3;2013;0;1;0;0;0;0;0;1;0;0;0;0;0;0;1;0;0;0;0;0;1;0;0;0;0;0;0;0;1;0;0;1;0;0;0;0;1;0;0;1;0;0;0;1;0;0;0;0;0;1;9.5;100;20
6;11;2013;0;1;0;0;0;0;0;0;1;0;0;0;0;0;1;0;0;0;0;0;1;0;0;0;0;0;0;0;1;0;0;0;1;0;0;0;1;0;0;1;0;0;1;0;0;0;0;0;0;1;48.5;100;12
22;11;2013;0;1;0;0;0;0;0;0;1;0;0;0;0;0;1;0;0;0;0;0;0;0;0;0;1;0;0;0;1;0;0;0;0;1;0;0;1;0;0;1;0;0;0;0;0;0;1;0;0;1;62.4;100;6
18;7;2014;0;1;0;0;0;0;0;0;1;0;0;0;0;0;1;0;0;0;0;0;0;0;0;1;0;0;0;0;1;0;0;0;0;1;0;0;1;0;0;1;0;0;0;0;0;0;1;0;0;1;304.7;100;60
24;11;2013;0;1;0;0;0;0;0;0;1;0;0;0;0;0;1;0;0;0;0;0;1;0;0;0;0;0;0;0;1;0;0;0;0;1;0;0;1;0;0;1;0;0;0;0;0;0;1;0;0;1;116.4;100;16
19;10;2014;0;1;0;0;0;0;0;0;1;0;0;0;0;0;1;0;0;0;0;0;0;0;0;1;0;0;0;0;1;0;0;0;0;1;0;0;1;0;0;1;0;0;0;0;0;0;1;0;0;1;103.6;100;20
18;2;2013;1;0;0;0;0;0;0;0;1;0;0;0;0;0;1;0;0;0;0;0;0;0;0;0;1;0;0;0;1;0;0;0;0;1;0;0;1;0;0;1;0;0;0;0;0;0;1;0;0;1;78.5;100;12
7;8;2014;0;1;0;0;0;0;0;0;1;0;0;0;0;0;1;0;0;0;0;0;0;0;0;0;1;0;0;0;1;0;0;0;0;1;0;0;1;0;0;1;0;0;0;0;0;0;1;0;0;1;91.1;100;16
22;10;2014;0;1;0;0;0;0;0;0;1;0;0;0;0;0;1;0;0;0;0;0;0;0;0;0;1;0;0;0;1;0;0;0;0;1;0;0;1;0;0;1;0;0;0;0;0;0;1;0;0;1;151.8;100;30
14;9;2014;0;1;0;0;0;0;0;0;1;0;0;0;0;0;1;0;0;0;0;0;0;0;0;1;0;0;0;0;1;0;0;0;0;1;0;0;1;0;0;1;0;0;0;0;0;0;1;0;0;1;154;100;35
18;4;2014;0;0;0;1;0;0;0;0;1;0;0;0;0;0;1;0;0;0;0;0;1;0;0;0;0;0;1;0;0;0;0;1;0;0;0;0;1;0;0;1;0;0;1;0;0;0;0;0;0;1;38.7;100;20
27;8;2014;0;0;0;1;0;0;0;0;0;1;0;0;0;0;1;0;0;0;0;0;0;0;0;1;0;0;0;0;1;0;0;0;0;1;0;0;1;0;0;1;0;0;0;0;0;0;1;0;0;1;140.8;100;30
11;7;2014;1;0;0;0;0;0;0;0;0;1;0;0;0;0;1;0;0;0;0;0;1;0;0;0;0;0;0;0;1;0;0;0;0;1;0;0;1;0;0;1;0;0;0;0;0;0;1;0;0;1;120.7;100;20
1;1;2014;1;0;0;0;0;0;0;0;0;1;0;0;0;0;1;0;0;0;0;0;0;0;0;1;0;0;0;0;1;0;0;0;0;1;0;0;1;0;0;1;0;0;0;0;0;0;1;0;0;1;120;100;40
16;2;2013;0;1;0;0;0;0;0;0;0;1;0;0;0;0;1;0;0;0;0;0;1;0;0;0;0;0;0;0;0;1;0;0;1;0;0;0;0;1;0;1;0;1;0;0;0;0;0;0;1;0;92.2;100;20
24;8;2014;0;0;0;1;0;0;0;0;0;0;1;0;0;0;1;0;0;0;0;0;0;0;1;0;0;0;0;0;1;0;0;1;0;0;0;0;1;0;0;1;0;0;0;0;0;0;1;0;0;1;41.5;100;25
23;1;2013;0;1;0;0;0;0;0;0;0;0;1;0;0;0;1;0;0;0;0;0;1;0;0;0;0;0;0;0;0;1;0;0;1;0;0;0;0;1;0;1;0;1;0;0;0;0;0;0;1;0;85.7;100;12
